"","Date","Location.Code","CW","CH","TH","Stage","Measurer.s."
"1",NA,"ROS",2.3,5.6,6.5,"Megalopae","Sarah Grossman"
"2",NA,"COR",5.5,5.5,NA,"Instar","Claire Cook"
"3",2019-06-05,"ZIT",3.9,5.2,6.8,"Megalopae","Margaret Homerding"
"4",2019-06-24,"ZIT",2.7,4.8,6.5,"Megalopae","Kyle Selstead (NRNC)"
"5",2019-06-24,"ZIT",2.5,4.7,NA,"Megalopae","Kyle Selstead (NRNC)"
"6",2019-07-30,"ZIT",3.8,5,6.6,"Megalopae","Katie Holmes"
"7",2019-07-30,"ZIT",4,6.6,7.2,"Megalopae","Katie Holmes"
"8",2019-07-30,"ZIT",5.3,NA,NA,"Instar","Katie Holmes"
"9",2019-07-31,"ZIT",2.6,4.1,6.6,"Megalopae","Margaret Homerding"
"10",2019-07-31,"ZIT",3.1,4.8,7.2,"Megalopae","Margaret Homerding"
"11",2019-08-08,"ZIT",3.1,4.8,6.8,"Megalopae","Margaret Homerding"
"12",2019-08-11,"ZIT",2.5,5,6.1,"Megalopae","Katie Holmes"
"13",2019-08-07,"ZIT",2.7,5,6.3,"Megalopae","SB"
"14",2019-08-07,"ZIT",2.7,5,6.3,"Megalopae","SB"
"15",2019-08-02,"ZIT",2.9,4.9,6.3,"Megalopae","SB"
"16",2019-08-02,"ZIT",2.7,5.2,6.6,"Megalopae","SB"
"17",2019-07-27,"ZIT",2.7,5.8,6.8,"Megalopae","Margaret Homerding"
"18",2019-08-04,"ZIT",2.8,5,6.7,"Megalopae","SB"
"19",NA,"ROS",2.3,5.6,6.5,"Megalopae","Sarah Grossman"
"20",NA,"COR",5.5,5.5,NA,"Instar","Claire Cook"
"21",NA,"ROS",2.3,5.6,6.5,"Megalopae","Sarah Grossman"
"22",NA,"COR",5.5,5.5,NA,"Instar","Claire Cook"
"23",2019-05-23,"MUK",2.4,2.7,4.1,"Megalopae","Kate Rovinski"
"24",2019-05-23,"MUK",2.5,2.7,3.8,"Megalopae","Kate Rovinski"
"25",2019-05-24,"MUK",3.5,6.4,9.2,"Megalopae","Kate Rovinski"
"26",2019-05-25,"MUK",4,7.7,8.8,"Megalopae","Kate Rovinski"
"27",2019-05-26,"MUK",4,7.7,8.8,"Megalopae","Kate Rovinski"
"28",2019-05-28,"MUK",3.4,6.5,9.8,"Megalopae","Kate Rovinski"
"29",2019-05-28,"MUK",3.2,6.4,9,"Megalopae","Kate Rovinski"
"30",2019-05-29,"MUK",3.8,7.4,9.3,"Megalopae","Kate Rovinski"
"31",2019-05-29,"MUK",4.2,6.5,7.7,"Megalopae","Kate Rovinski"
"32",2019-05-30,"MUK",4,4.4,6.2,"Megalopae","Kate Rovinski"
"33",2019-05-30,"MUK",4.2,4.3,7.3,"Megalopae","Kate Rovinski"
"34",2019-05-30,"MUK",4,5.9,8.4,"Megalopae","Kate Rovinski"
"35",2019-05-30,"MUK",3.9,5.5,8.1,"Megalopae","Kate Rovinski"
"36",2019-06-04,"MUK",3.3,5.8,7.3,"Megalopae","Kate Rovinski"
"37",2019-06-04,"MUK",3.8,5.6,7.6,"Megalopae","Kate Rovinski"
"38",2019-06-04,"MUK",4,6.3,7.1,"Megalopae","Kate Rovinski"
"39",2019-06-05,"MUK",3.5,7.4,9.4,"Megalopae","Kate Rovinski"
"40",2019-06-05,"MUK",3.5,5.6,8.2,"Megalopae","Kate Rovinski"
"41",2019-06-05,"MUK",3.4,6.8,7.8,"Megalopae","Kate Rovinski"
"42",2019-06-13,"MUK",3.3,5.4,8.3,"Megalopae","Kate Rovinski"
"43",2019-06-13,"MUK",5.8,5.3,NA,"Instar","Kate Rovinski"
"44",2019-06-17,"MUK",4.1,6.6,7.1,"Megalopae","Kate Rovinski"
"45",2019-06-17,"MUK",3.6,6.8,7.2,"Megalopae","Kate Rovinski"
"46",2019-06-17,"MUK",3.2,7.1,8,"Megalopae","Kate Rovinski"
"47",2019-06-17,"MUK",3.7,6.9,7.4,"Megalopae","Kate Rovinski"
"48",2019-06-17,"MUK",3.8,6.6,7.8,"Megalopae","Kate Rovinski"
"49",2019-06-17,"MUK",3.1,7.8,8.9,"Megalopae","Kate Rovinski"
"50",2019-06-17,"MUK",3.5,5.8,7.5,"Megalopae","Kate Rovinski"
"51",2019-06-17,"MUK",3.8,6.6,8.2,"Megalopae","Kate Rovinski"
"52",2019-06-17,"MUK",5.7,6.4,NA,"Instar","Kate Rovinski"
"53",2019-06-17,"MUK",6.3,6.2,NA,"Instar","Kate Rovinski"
"54",2019-06-17,"MUK",6.9,5.5,NA,"Instar","Kate Rovinski"
"55",2019-06-17,"MUK",5.9,6,NA,"Instar","Kate Rovinski"
"56",2019-06-17,"MUK",5.7,6.2,NA,"Instar","Kate Rovinski"
"57",2019-06-17,"MUK",5.2,5.9,NA,"Instar","Kate Rovinski"
"58",2019-06-17,"MUK",6.2,6.5,NA,"Instar","Kate Rovinski"
"59",2019-06-17,"MUK",6.2,5.9,NA,"Instar","Kate Rovinski"
"60",2019-06-17,"MUK",6,5.6,NA,"Instar","Kate Rovinski"
"61",2019-06-17,"MUK",4.8,6.2,NA,"Instar","Kate Rovinski"
"62",2019-06-17,"MUK",5.9,6.8,NA,"Instar","Kate Rovinski"
"63",2019-06-17,"MUK",6,6.6,NA,"Instar","Kate Rovinski"
"64",2019-06-17,"MUK",5.8,5.2,NA,"Instar","Kate Rovinski"
"65",2019-06-17,"MUK",6.6,6,NA,"Instar","Kate Rovinski"
"66",2019-06-17,"MUK",5,5.6,NA,"Instar","Kate Rovinski"
"67",2019-06-18,"MUK",4.2,6.8,8.2,"Megalopae","Kate Rovinski"
"68",2019-06-18,"MUK",3.5,6.4,7.5,"Megalopae","Kate Rovinski"
"69",2019-06-18,"MUK",3.1,5.7,6.5,"Megalopae","Kate Rovinski"
"70",2019-06-18,"MUK",2.9,6,7.2,"Megalopae","Kate Rovinski"
"71",2019-06-18,"MUK",3.5,5,6.1,"Megalopae","Kate Rovinski"
"72",2019-06-18,"MUK",2.5,5,7.9,"Megalopae","Kate Rovinski"
"73",2019-06-18,"MUK",3.2,5.6,8.3,"Megalopae","Kate Rovinski"
"74",2019-06-18,"MUK",3,6.3,6.4,"Megalopae","Kate Rovinski"
"75",2019-06-18,"MUK",5.5,5.7,NA,"Instar","Kate Rovinski"
"76",2019-06-18,"MUK",6.3,6.5,NA,"Instar","Kate Rovinski"
"77",2019-06-18,"MUK",6.8,6.6,NA,"Instar","Kate Rovinski"
"78",2019-06-18,"MUK",5.4,6.4,NA,"Instar","Kate Rovinski"
"79",2019-06-18,"MUK",5,5.5,NA,"Instar","Kate Rovinski"
"80",2019-06-18,"MUK",6,5.6,NA,"Instar","Kate Rovinski"
"81",2019-06-18,"MUK",4.8,4.8,NA,"Instar","Kate Rovinski"
"82",2019-06-18,"MUK",4.9,5.8,NA,"Instar","Kate Rovinski"
"83",2019-06-18,"MUK",5.5,4.8,NA,"Instar","Kate Rovinski"
"84",2019-06-18,"MUK",5.4,5.4,NA,"Instar","Kate Rovinski"
"85",2019-06-19,"MUK",3.6,6.6,7.7,"Megalopae","Kate Rovinski"
"86",2019-06-19,"MUK",3.5,7,8,"Megalopae","Kate Rovinski"
"87",2019-06-19,"MUK",3.7,6.4,8.9,"Megalopae","Kate Rovinski"
"88",2019-06-19,"MUK",3.4,6.5,8,"Megalopae","Kate Rovinski"
"89",2019-06-19,"MUK",3.9,6.8,8,"Megalopae","Kate Rovinski"
"90",2019-06-19,"MUK",4.4,6.8,8.3,"Megalopae","Kate Rovinski"
"91",2019-06-19,"MUK",4.1,6,8.3,"Megalopae","Kate Rovinski"
"92",2019-06-20,"MUK",3.1,6,6.3,"Megalopae","Kate Rovinski"
"93",2019-06-20,"MUK",3.4,6.8,6.7,"Megalopae","Kate Rovinski"
"94",2019-06-20,"MUK",3.8,6,6.4,"Megalopae","Kate Rovinski"
"95",2019-06-20,"MUK",2.7,5.6,5.1,"Megalopae","Kate Rovinski"
"96",2019-06-20,"MUK",2.8,4.7,7.1,"Megalopae","Kate Rovinski"
"97",2019-06-20,"MUK",3.2,6.1,7.6,"Megalopae","Kate Rovinski"
"98",2019-06-20,"MUK",2.5,6,7,"Megalopae","Kate Rovinski"
"99",2019-06-20,"MUK",3,5.2,7.2,"Megalopae","Kate Rovinski"
"100",2019-06-20,"MUK",3.1,5.7,6.7,"Megalopae","Kate Rovinski"
"101",2019-06-20,"MUK",3.3,5.4,6.5,"Megalopae","Kate Rovinski"
"102",2019-06-20,"MUK",3.3,5.8,7.5,"Megalopae","Kate Rovinski"
"103",2019-06-20,"MUK",3.3,5.7,7.3,"Megalopae","Kate Rovinski"
"104",2019-06-21,"MUK",3.4,6.9,8.3,"Megalopae","Kate Rovinski"
"105",2019-06-21,"MUK",4.3,6.4,8,"Megalopae","Kate Rovinski"
"106",2019-06-21,"MUK",3.9,6.2,8.8,"Megalopae","Kate Rovinski"
"107",2019-06-21,"MUK",3.5,6.6,8.1,"Megalopae","Kate Rovinski"
"108",2019-06-25,"MUK",3.9,5.6,8.2,"Megalopae","Kate Rovinski"
"109",2019-06-25,"MUK",3,6.1,7.2,"Megalopae","Kate Rovinski"
"110",2019-06-25,"MUK",3.4,7,8.5,"Megalopae","Kate Rovinski"
"111",2019-06-25,"MUK",3.2,6.2,6.9,"Megalopae","Kate Rovinski"
"112",2019-06-25,"MUK",3.6,5.9,7,"Megalopae","Kate Rovinski"
"113",2019-06-25,"MUK",6.9,6.4,7.5,"Megalopae","Kate Rovinski"
"114",2019-06-25,"MUK",3.6,5.6,7.3,"Megalopae","Kate Rovinski"
"115",2019-06-25,"MUK",3.5,6.4,7.8,"Megalopae","Kate Rovinski"
"116",2019-06-25,"MUK",3.5,6.6,8,"Megalopae","Kate Rovinski"
"117",2019-06-25,"MUK",3.4,6.6,8.1,"Megalopae","Kate Rovinski"
"118",2019-06-25,"MUK",3.5,6.9,8.9,"Megalopae","Kate Rovinski"
"119",2019-06-25,"MUK",3.1,6,7.3,"Megalopae","Kate Rovinski"
"120",2019-06-25,"MUK",3.5,6.2,8.3,"Megalopae","Kate Rovinski"
"121",2019-06-25,"MUK",3.3,6.4,7.7,"Megalopae","Kate Rovinski"
"122",2019-06-25,"MUK",3,6.4,7.7,"Megalopae","Kate Rovinski"
"123",2019-06-26,"MUK",3,5.2,7.1,"Megalopae","Kate Rovinski"
"124",2019-06-26,"MUK",3.6,6.9,8.7,"Megalopae","Kate Rovinski"
"125",2019-06-26,"MUK",3.5,5.3,7.5,"Megalopae","Kate Rovinski"
"126",2019-06-26,"MUK",3.9,6.7,8.3,"Megalopae","Kate Rovinski"
"127",2019-06-26,"MUK",3.8,6.5,8.5,"Megalopae","Kate Rovinski"
"128",2019-07-06,"MUK",2.8,6.1,7.6,"Megalopae","Kate Rovinski"
"129",2019-07-06,"MUK",4.1,6.7,8,"Megalopae","Kate Rovinski"
"130",2019-07-06,"MUK",4.1,6.5,8.3,"Megalopae","Kate Rovinski"
"131",2019-07-06,"MUK",3,6,7.8,"Megalopae","Kate Rovinski"
"132",2019-07-06,"MUK",3.3,6.6,8,"Megalopae","Kate Rovinski"
"133",2019-07-06,"MUK",6.1,5.4,NA,"Instar","Kate Rovinski"
"134",2019-07-06,"MUK",6.1,5.2,NA,"Instar","Kate Rovinski"
"135",2019-07-08,"MUK",3,6.4,7.8,"Megalopae","Kate Rovinski"
"136",2019-07-08,"MUK",5,4.8,NA,"Instar","Kate Rovinski"
"137",2019-07-09,"MUK",3.3,6.4,7.4,"Megalopae","Kate Rovinski"
"138",2019-07-09,"MUK",3.4,6.1,8.1,"Megalopae","Kate Rovinski"
"139",2019-07-09,"MUK",2.7,6.2,6.9,"Megalopae","Kate Rovinski"
"140",2019-07-09,"MUK",3.1,5.8,7.6,"Megalopae","Kate Rovinski"
"141",2019-07-09,"MUK",3.5,5.7,7.4,"Megalopae","Kate Rovinski"
"142",2019-07-09,"MUK",3.1,6.5,7.4,"Megalopae","Kate Rovinski"
"143",2019-07-09,"MUK",2.8,5.8,8.2,"Megalopae","Kate Rovinski"
"144",2019-07-09,"MUK",4.9,4.8,NA,"Instar","Kate Rovinski"
"145",2019-07-09,"MUK",4.8,6.4,NA,"Instar","Kate Rovinski"
"146",2019-07-09,"MUK",4.6,4.7,NA,"Instar","Kate Rovinski"
"147",2019-07-10,"MUK",2.7,5.4,6.6,"Megalopae","Kate Rovinski"
"148",2019-07-10,"MUK",2.7,5.9,6.8,"Megalopae","Kate Rovinski"
"149",2019-07-10,"MUK",5,4.6,NA,"Instar","Kate Rovinski"
"150",2019-07-10,"MUK",4.6,4.9,NA,"Instar","Kate Rovinski"
"151",2019-07-10,"MUK",4.8,4.9,NA,"Instar","Kate Rovinski"
"152",2019-07-11,"MUK",3.1,5.7,7.7,"Megalopae","Kate Rovinski"
"153",2019-07-11,"MUK",2.8,5.4,7,"Megalopae","Kate Rovinski"
"154",2019-07-11,"MUK",5.6,6,NA,"Instar","Kate Rovinski"
"155",2019-07-11,"MUK",5,5.4,NA,"Instar","Kate Rovinski"
"156",NA,"ROS",2.3,5.6,6.5,"Megalopae","Sarah Grossman"
"157",NA,"COR",5.5,5.5,NA,"Instar","Claire Cook"
"158",NA,"ROS",2.3,5.6,6.5,"Megalopae","Sarah Grossman"
"159",NA,"COR",5.5,5.5,NA,"Instar","Claire Cook"
"160",2019-07-29,"MCR",3.2,7.4,2.8,"Megalopae","Olivia Cattau"
"161",2019-07-29,"MCR",2.4,6.3,2.4,"Megalopae","Olivia Cattau"
"162",2019-07-29,"MCR",3.6,6.1,2.5,"Megalopae","Olivia Cattau"
"163",2019-07-29,"MCR",2.9,6,2,"Megalopae","Olivia Cattau"
"164",2019-07-29,"MCR",3.4,7,2.2,"Megalopae","Olivia Cattau"
"165",2019-07-29,"MCR",3.8,6.5,2.5,"Megalopae","Olivia Cattau"
"166",2019-07-29,"MCR",5.4,5.4,NA,"Instar","Olivia Cattau"
"167",2019-07-29,"MCR",4.7,5.5,NA,"Instar","Olivia Cattau"
"168",2019-07-29,"MCR",5,5.2,NA,"Instar","Olivia Cattau"
"169",2019-07-29,"MCR",4.4,4.6,NA,"Instar","Olivia Cattau"
"170",2019-07-31,"MCR",3.1,6.3,1.2,"Megalopae","Olivia Cattau"
"171",2019-07-31,"MCR",2.5,6.8,2.4,"Megalopae","Olivia Cattau"
"172",2019-07-31,"MCR",NA,6,NA,"Megalopae","Stuart Ryan"
"173",2019-07-31,"MCR",4.3,6.8,2.4,"Megalopae","Stuart Ryan"
"174",2019-07-31,"MCR",3.4,7.2,2.4,"Megalopae","Olivia Cattau"
"175",2019-07-31,"MCR",3.3,5.8,2,"Megalopae","Olivia Cattau"
"176",2019-07-31,"MCR",3.4,6.8,2.4,"Megalopae","Olivia Cattau"
"177",2019-07-31,"MCR",3.3,6.5,2.4,"Megalopae","Olivia Cattau"
"178",2019-07-31,"MCR",3.6,6.5,2.4,"Megalopae","Olivia Cattau"
"179",2019-07-31,"MCR",4.3,5,NA,"Instar","Olivia Cattau"
"180",2019-08-02,"MCR",2.7,6.8,2.5,"Megalopae","Olivia Cattau"
"181",2019-08-02,"MCR",2.6,6.1,2.2,"Megalopae","Olivia Cattau"
"182",2019-08-02,"MCR",2,5.9,2.2,"Megalopae","Olivia Cattau"
"183",2019-08-02,"MCR",3.5,6.2,2.6,"Megalopae","Olivia Cattau"
"184",2019-08-02,"MCR",3.1,6.7,2.9,"Megalopae","Olivia Cattau"
"185",2019-08-02,"MCR",2.9,6.1,2.9,"Megalopae","Olivia Cattau"
"186",2019-08-02,"MCR",2.9,6.7,2.1,"Megalopae","Olivia Cattau"
"187",2019-08-02,"MCR",2.5,6.2,2.3,"Megalopae","Olivia Cattau"
"188",2019-08-02,"MCR",2.9,6.2,2.3,"Megalopae","Olivia Cattau"
"189",2019-08-02,"MCR",2.2,6.5,2.3,"Megalopae","Olivia Cattau"
"190",2019-08-02,"MCR",2.7,7,2.5,"Megalopae","Olivia Cattau"
"191",2019-08-02,"MCR",3,6.4,2.4,"Megalopae","Olivia Cattau"
"192",2019-08-02,"MCR",2,6.7,2.4,"Megalopae","Olivia Cattau"
"193",2019-08-02,"MCR",2.9,6.2,2.4,"Megalopae","Olivia Cattau"
"194",2019-08-02,"MCR",5.6,6.2,NA,"Instar","Olivia Cattau"
"195",2019-08-02,"MCR",5.5,5.9,NA,"Instar","Olivia Cattau"
"196",2019-08-02,"MCR",5,5.1,NA,"Instar","Olivia Cattau"
"197",2019-08-02,"MCR",5.2,5.4,NA,"Instar","Olivia Cattau"
"198",2019-08-07,"MCR",2.8,6.7,2.1,"Megalopae","Olivia Cattau"
"199",2019-08-07,"MCR",NA,6.5,2.4,"Megalopae","Olivia Cattau"
"200",2019-08-07,"MCR",2.3,6.6,2.6,"Megalopae","Olivia Cattau"
"201",2019-08-07,"MCR",2.9,7.4,2.6,"Megalopae","Olivia Cattau"
"202",2019-08-07,"MCR",3,6.6,2.5,"Megalopae","Olivia Cattau"
"203",2019-08-16,"MCR",2.6,6.5,2.3,"Megalopae","Olivia Cattau"
"204",2019-08-16,"MCR",2.7,6.8,2.1,"Megalopae","Olivia Cattau"
"205",2019-08-16,"MCR",2.8,5.9,2.3,"Megalopae","Olivia Cattau"
"206",2019-08-16,"MCR",2.7,6.2,2.2,"Megalopae","Olivia Cattau"
"207",2019-08-16,"MCR",2.9,6.1,2.3,"Megalopae","Olivia Cattau"
"208",2019-08-19,"MCR",2.2,6.6,1,"Megalopae","Olivia Cattau"
"209",2019-08-19,"MCR",4.8,5.5,NA,"Instar","Olivia Cattau"
"210",2019-05-06,"ANA",6.1,6.2,NA,"instar","SKG, CC"
"211",2019-05-06,"ANA",6.3,6.2,NA,"instar","SKG, CC"
"212",2019-05-06,"ANA",6.3,6.3,NA,"instar","SKG, CC"
"213",2019-05-06,"ANA",6.3,6.4,NA,"instar","SKG, CC"
"214",2019-05-06,"ANA",6.4,6.3,NA,"instar","SKG, CC"
"215",2019-05-06,"ANA",6.4,6.5,NA,"instar","SKG, CC"
"216",2019-05-06,"ANA",6.5,6.5,NA,"instar","SKG, CC"
"217",2019-05-06,"ANA",6.6,6.5,NA,"instar","SKG, CC"
"218",2019-05-06,"ANA",6.7,6.7,NA,"instar","SKG, CC"
"219",2019-05-06,"ANA",6.7,6.8,NA,"instar","SKG, CC"
"220",2019-05-06,"ANA",6.8,6.7,NA,"instar","SKG, CC"
"221",2019-05-06,"ANA",6.8,6.8,NA,"instar","SKG, CC"
"222",2019-05-06,"ANA",6.9,6.9,NA,"instar","SKG, CC"
"223",2019-05-06,"ANA",6.9,7.1,NA,"instar","SKG, CC"
"224",2019-05-06,"ANA",7,7,NA,"instar","SKG, CC"
"225",2019-05-06,"ANA",7,7.1,NA,"instar","SKG, CC"
"226",2019-05-06,"ANA",7.1,7,NA,"instar","SKG, CC"
"227",2019-05-06,"ANA",7.2,7.1,NA,"instar","SKG, CC"
"228",2019-05-06,"ANA",7.3,7.3,NA,"instar","SKG, CC"
"229",2019-05-06,"ANA",7.3,7.5,NA,"instar","SKG, CC"
"230",2019-05-16,"ANA",6.5,6.6,NA,"instar","SKG, CC"
"231",2019-05-27,"ANA",6.5,6.5,NA,"instar","SKG, CC"
"232",2019-06-03,"ANA",5.8,6,NA,"instar","SKG, CC"
"233",2019-06-03,"ANA",5.9,6,NA,"instar","SKG, CC"
"234",2019-06-03,"ANA",6.2,6.1,NA,"instar","SKG, CC"
"235",2019-06-03,"ANA",6.2,6.2,NA,"instar","SKG, CC"
"236",2019-06-03,"ANA",6.3,6.3,NA,"instar","SKG, CC"
"237",2019-06-03,"ANA",6.3,6.4,NA,"instar","SKG, CC"
"238",2019-06-03,"ANA",6.3,6.6,NA,"instar","SKG, CC"
"239",2019-06-03,"ANA",6.4,6.4,NA,"instar","SKG, CC"
"240",2019-06-03,"ANA",6.4,6.5,NA,"instar","SKG, CC"
"241",2019-06-03,"ANA",6.5,6.5,NA,"instar","SKG, CC"
"242",2019-06-03,"ANA",6.5,6.6,NA,"instar","SKG, CC"
"243",2019-06-03,"ANA",6.5,6.8,NA,"instar","SKG, CC"
"244",2019-06-03,"ANA",6.6,6.6,NA,"instar","SKG, CC"
"245",2019-06-03,"ANA",6.7,6.7,NA,"instar","SKG, CC"
"246",2019-06-03,"ANA",6.8,6.7,NA,"instar","SKG, CC"
"247",2019-06-03,"ANA",6.8,6.8,NA,"instar","SKG, CC"
"248",2019-06-03,"ANA",6.8,6.9,NA,"instar","SKG, CC"
"249",2019-06-03,"ANA",6.9,6.8,NA,"instar","SKG, CC"
"250",2019-06-03,"ANA",6.9,6.9,NA,"instar","SKG, CC"
"251",2019-06-03,"ANA",7,6.9,NA,"instar","SKG, CC"
"252",2019-06-10,"ANA",6.3,6.2,NA,"instar","SKG, CC"
"253",2019-06-10,"ANA",6.4,6.3,NA,"instar","SKG, CC"
"254",2019-06-10,"ANA",6.5,6.5,NA,"instar","SKG, CC"
"255",2019-06-17,"ANA",5.5,5.4,NA,"instar","SKG, CC"
"256",2019-06-17,"ANA",5.5,5.6,NA,"instar","SKG, CC"
"257",2019-06-17,"ANA",5.7,5.7,NA,"instar","SKG, CC"
"258",2019-06-17,"ANA",5.8,5.8,NA,"instar","SKG, CC"
"259",2019-06-17,"ANA",6.9,6.8,NA,"instar","SKG, CC"
"260",2019-06-25,"ANA",5.5,5.6,NA,"instar","SKG, CC"
"261",2019-07-01,"ANA",4.8,4.9,NA,"instar","SKG, CC"
"262",2019-07-01,"ANA",4.8,5.2,NA,"instar","SKG, CC"
"263",2019-07-01,"ANA",4.9,4.9,NA,"instar","SKG, CC"
"264",2019-07-01,"ANA",4.9,5,NA,"instar","SKG, CC"
"265",2019-07-01,"ANA",5,5,NA,"instar","SKG, CC"
"266",2019-07-01,"ANA",5,5.1,NA,"instar","SKG, CC"
"267",2019-07-01,"ANA",5,5.2,NA,"instar","SKG, CC"
"268",2019-07-01,"ANA",5.1,5.1,NA,"instar","SKG, CC"
"269",2019-07-01,"ANA",5.1,5.2,NA,"instar","SKG, CC"
"270",2019-07-01,"ANA",5.1,5.3,NA,"instar","SKG, CC"
"271",2019-07-01,"ANA",5.2,5.2,NA,"instar","SKG, CC"
"272",2019-07-01,"ANA",5.2,5.3,NA,"instar","SKG, CC"
"273",2019-07-01,"ANA",5.3,5.2,NA,"instar","SKG, CC"
"274",2019-07-01,"ANA",5.3,5.3,NA,"instar","SKG, CC"
"275",2019-07-01,"ANA",5.4,5.4,NA,"instar","SKG, CC"
"276",2019-07-01,"ANA",5.4,5.5,NA,"instar","SKG, CC"
"277",2019-07-01,"ANA",5.5,5.5,NA,"instar","SKG, CC"
"278",2019-07-01,"ANA",5.5,5.6,NA,"instar","SKG, CC"
"279",2019-07-01,"ANA",5.6,5.6,NA,"instar","SKG, CC"
"280",2019-07-01,"ANA",5.7,5.7,NA,"instar","SKG, CC"
"281",2019-07-01,"ANA",5.8,6,NA,"instar","SKG, CC"
"282",2019-07-01,"ANA",5.9,5.9,NA,"instar","SKG, CC"
"283",2019-07-09,"ANA",5.1,5.1,NA,"instar","SKG, CC"
"284",2019-07-09,"ANA",5.2,5.2,NA,"instar","SKG, CC"
"285",2019-07-09,"ANA",5.4,5.4,NA,"instar","SKG, CC"
"286",2019-07-09,"ANA",5.5,5.6,NA,"instar","SKG, CC"
"287",2019-07-15,"ANA",5.1,5.1,NA,"instar","SKG, CC"
"288",2019-07-15,"ANA",5.1,5.2,NA,"instar","SKG, CC"
"289",2019-07-15,"ANA",5.2,5.2,NA,"instar","SKG, CC"
"290",2019-07-15,"ANA",5.2,5.3,NA,"instar","SKG, CC"
"291",2019-07-15,"ANA",5.3,5.3,NA,"instar","SKG, CC"
"292",2019-07-22,"ANA",4.8,5,NA,"instar","SKG, CC"
"293",2019-07-22,"ANA",5.1,5.2,NA,"instar","SKG, CC"
"294",2019-07-29,"ANA",4.7,4.7,NA,"instar","SKG, CC"
"295",2019-07-29,"ANA",4.8,4.8,NA,"instar","SKG, CC"
"296",2019-07-29,"ANA",4.8,4.9,NA,"instar","SKG, CC"
"297",2019-07-29,"ANA",4.9,5,NA,"instar","SKG, CC"
"298",2019-07-29,"ANA",4.9,5.1,NA,"instar","SKG, CC"
"299",2019-07-29,"ANA",5,5.1,NA,"instar","SKG, CC"
"300",2019-07-29,"ANA",5.1,5.1,NA,"instar","SKG, CC"
"301",2019-07-29,"ANA",5.2,5.2,NA,"instar","SKG, CC"
"302",2019-07-29,"ANA",5.4,5.4,NA,"instar","SKG, CC"
"303",2019-08-05,"ANA",5.1,5.1,NA,"instar","SKG, CC"
"304",2019-08-05,"ANA",5.2,5.3,NA,"instar","SKG, CC"
"305",2019-08-05,"ANA",5.3,5.3,NA,"instar","SKG, CC"
"306",2019-04-18,"COR",7.1,6.9,NA,"instar","SKG, CC"
"307",2019-05-08,"COR",6.2,6.2,NA,"instar","SKG, CC"
"308",2019-05-08,"COR",6.4,6.5,NA,"instar","SKG, CC"
"309",2019-05-08,"COR",6.4,6.6,NA,"instar","SKG, CC"
"310",2019-05-08,"COR",6.5,6.6,NA,"instar","SKG, CC"
"311",2019-05-08,"COR",6.6,6.6,NA,"instar","SKG, CC"
"312",2019-05-08,"COR",6.6,6.7,NA,"instar","SKG, CC"
"313",2019-05-08,"COR",6.7,6.7,NA,"instar","SKG, CC"
"314",2019-05-08,"COR",6.7,6.8,NA,"instar","SKG, CC"
"315",2019-05-08,"COR",6.8,6.8,NA,"instar","SKG, CC"
"316",2019-05-08,"COR",6.8,7,NA,"instar","SKG, CC"
"317",2019-05-08,"COR",6.8,7.1,NA,"instar","SKG, CC"
"318",2019-05-08,"COR",6.9,6.9,NA,"instar","SKG, CC"
"319",2019-05-08,"COR",6.9,7,NA,"instar","SKG, CC"
"320",2019-05-08,"COR",7,7.1,NA,"instar","SKG, CC"
"321",2019-05-08,"COR",7.1,7.1,NA,"instar","SKG, CC"
"322",2019-05-08,"COR",7.1,7.2,NA,"instar","SKG, CC"
"323",2019-05-08,"COR",7.2,7.2,NA,"instar","SKG, CC"
"324",2019-05-08,"COR",7.4,7.4,NA,"instar","SKG, CC"
"325",2019-05-08,"COR",7.5,7.6,NA,"instar","SKG, CC"
"326",2019-05-15,"COR",5.6,5.6,NA,"instar","SKG, CC"
"327",2019-05-15,"COR",5.7,5.8,NA,"instar","SKG, CC"
"328",2019-05-15,"COR",6,6.1,NA,"instar","SKG, CC"
"329",2019-05-15,"COR",6.2,6.2,NA,"instar","SKG, CC"
"330",2019-05-15,"COR",6.3,6.1,NA,"instar","SKG, CC"
"331",2019-05-15,"COR",6.3,6.4,NA,"instar","SKG, CC"
"332",2019-05-15,"COR",6.3,6.5,NA,"instar","SKG, CC"
"333",2019-05-15,"COR",6.4,6.5,NA,"instar","SKG, CC"
"334",2019-05-15,"COR",6.4,6.6,NA,"instar","SKG, CC"
"335",2019-05-15,"COR",6.5,6.5,NA,"instar","SKG, CC"
"336",2019-05-15,"COR",6.5,6.6,NA,"instar","SKG, CC"
"337",2019-05-15,"COR",6.5,6.9,NA,"instar","SKG, CC"
"338",2019-05-15,"COR",6.6,6.7,NA,"instar","SKG, CC"
"339",2019-05-15,"COR",6.6,6.8,NA,"instar","SKG, CC"
"340",2019-05-15,"COR",6.7,6.7,NA,"instar","SKG, CC"
"341",2019-05-15,"COR",6.7,6.8,NA,"instar","SKG, CC"
"342",2019-05-15,"COR",6.8,6.8,NA,"instar","SKG, CC"
"343",2019-05-15,"COR",6.8,6.9,NA,"instar","SKG, CC"
"344",2019-05-15,"COR",6.9,7,NA,"instar","SKG, CC"
"345",2019-05-15,"COR",7,7,NA,"instar","SKG, CC"
"346",2019-05-15,"COR",7.1,7.3,NA,"instar","SKG, CC"
"347",2019-05-21,"COR",6.7,6.8,NA,"instar","SKG, CC"
"348",2019-05-21,"COR",7,7.1,NA,"instar","SKG, CC"
"349",2019-05-27,"COR",5.4,5.7,NA,"instar","SKG, CC"
"350",2019-05-27,"COR",5.5,5.7,NA,"instar","SKG, CC"
"351",2019-05-27,"COR",5.6,5.7,NA,"instar","SKG, CC"
"352",2019-05-27,"COR",5.8,5.9,NA,"instar","SKG, CC"
"353",2019-05-27,"COR",5.8,6,NA,"instar","SKG, CC"
"354",2019-05-27,"COR",6.2,6.3,NA,"instar","SKG, CC"
"355",2019-05-27,"COR",6.3,6.3,NA,"instar","SKG, CC"
"356",2019-05-27,"COR",6.3,6.4,NA,"instar","SKG, CC"
"357",2019-05-27,"COR",6.4,6.4,NA,"instar","SKG, CC"
"358",2019-05-27,"COR",6.4,6.5,NA,"instar","SKG, CC"
"359",2019-05-27,"COR",6.4,6.6,NA,"instar","SKG, CC"
"360",2019-05-27,"COR",6.5,6.7,NA,"instar","SKG, CC"
"361",2019-05-27,"COR",6.6,6.7,NA,"instar","SKG, CC"
"362",2019-05-27,"COR",6.6,6.8,NA,"instar","SKG, CC"
"363",2019-05-27,"COR",6.7,6.7,NA,"instar","SKG, CC"
"364",2019-05-27,"COR",6.7,6.8,NA,"instar","SKG, CC"
"365",2019-05-27,"COR",6.8,6.8,NA,"instar","SKG, CC"
"366",2019-05-27,"COR",6.8,6.9,NA,"instar","SKG, CC"
"367",2019-05-27,"COR",7,6.9,NA,"instar","SKG, CC"
"368",2019-05-27,"COR",7,7,NA,"instar","SKG, CC"
"369",2019-05-27,"COR",7,7.1,NA,"instar","SKG, CC"
"370",2019-05-27,"COR",7.1,7.1,NA,"instar","SKG, CC"
"371",2019-05-27,"COR",7.2,7.1,NA,"instar","SKG, CC"
"372",2019-05-27,"COR",7.3,7.2,NA,"instar","SKG, CC"
"373",2019-05-27,"COR",7.8,7.6,NA,"instar","SKG, CC"
"374",2019-06-03,"COR",6.2,6.2,NA,"instar","SKG, CC"
"375",2019-06-03,"COR",6.2,6.3,NA,"instar","SKG, CC"
"376",2019-06-03,"COR",6.3,6.2,NA,"instar","SKG, CC"
"377",2019-06-03,"COR",6.3,6.5,NA,"instar","SKG, CC"
"378",2019-06-03,"COR",6.4,6.3,NA,"instar","SKG, CC"
"379",2019-06-03,"COR",6.4,6.4,NA,"instar","SKG, CC"
"380",2019-06-03,"COR",6.4,6.5,NA,"instar","SKG, CC"
"381",2019-06-03,"COR",6.5,6.4,NA,"instar","SKG, CC"
"382",2019-06-03,"COR",6.5,6.5,NA,"instar","SKG, CC"
"383",2019-06-03,"COR",6.5,6.6,NA,"instar","SKG, CC"
"384",2019-06-03,"COR",6.5,6.7,NA,"instar","SKG, CC"
"385",2019-06-03,"COR",6.6,6.5,NA,"instar","SKG, CC"
"386",2019-06-03,"COR",6.6,6.7,NA,"instar","SKG, CC"
"387",2019-06-03,"COR",6.7,6.7,NA,"instar","SKG, CC"
"388",2019-06-03,"COR",6.8,6.8,NA,"instar","SKG, CC"
"389",2019-06-03,"COR",6.8,6.9,NA,"instar","SKG, CC"
"390",2019-06-03,"COR",6.8,7,NA,"instar","SKG, CC"
"391",2019-06-03,"COR",6.9,6.7,NA,"instar","SKG, CC"
"392",2019-06-03,"COR",6.9,6.9,NA,"instar","SKG, CC"
"393",2019-06-03,"COR",7,7,NA,"instar","SKG, CC"
"394",2019-06-03,"COR",7,7.1,NA,"instar","SKG, CC"
"395",2019-06-03,"COR",7,7.4,NA,"instar","SKG, CC"
"396",2019-06-03,"COR",7.3,7.3,NA,"instar","SKG, CC"
"397",2019-06-10,"COR",5.5,5.6,NA,"instar","SKG, CC"
"398",2019-06-10,"COR",5.7,5.7,NA,"instar","SKG, CC"
"399",2019-06-10,"COR",5.8,5.8,NA,"instar","SKG, CC"
"400",2019-06-10,"COR",6.1,6.1,NA,"instar","SKG, CC"
"401",2019-06-10,"COR",6.2,6.1,NA,"instar","SKG, CC"
"402",2019-06-10,"COR",6.3,6.2,NA,"instar","SKG, CC"
"403",2019-06-10,"COR",6.3,6.3,NA,"instar","SKG, CC"
"404",2019-06-10,"COR",6.4,6.4,NA,"instar","SKG, CC"
"405",2019-06-17,"COR",4.7,4.9,NA,"instar","SKG, CC"
"406",2019-06-17,"COR",4.8,5.1,NA,"instar","SKG, CC"
"407",2019-06-17,"COR",4.9,5.1,NA,"instar","SKG, CC"
"408",2019-06-17,"COR",5,5,NA,"instar","SKG, CC"
"409",2019-06-17,"COR",5,5.1,NA,"instar","SKG, CC"
"410",2019-06-17,"COR",5.1,5,NA,"instar","SKG, CC"
"411",2019-06-17,"COR",5.1,5.1,NA,"instar","SKG, CC"
"412",2019-06-17,"COR",5.1,5.2,NA,"instar","SKG, CC"
"413",2019-06-17,"COR",5.2,5.2,NA,"instar","SKG, CC"
"414",2019-06-17,"COR",5.2,5.3,NA,"instar","SKG, CC"
"415",2019-06-17,"COR",5.4,5.3,NA,"instar","SKG, CC"
"416",2019-06-17,"COR",5.4,5.4,NA,"instar","SKG, CC"
"417",2019-06-17,"COR",5.4,5.5,NA,"instar","SKG, CC"
"418",2019-06-17,"COR",5.4,5.6,NA,"instar","SKG, CC"
"419",2019-06-17,"COR",5.5,5.6,NA,"instar","SKG, CC"
"420",2019-06-17,"COR",5.5,5.7,NA,"instar","SKG, CC"
"421",2019-06-17,"COR",5.6,5.6,NA,"instar","SKG, CC"
"422",2019-06-17,"COR",5.7,5.6,NA,"instar","SKG, CC"
"423",2019-06-17,"COR",5.7,5.7,NA,"instar","SKG, CC"
"424",2019-06-17,"COR",5.8,5.8,NA,"instar","SKG, CC"
"425",2019-06-17,"COR",5.8,5.9,NA,"instar","SKG, CC"
"426",2019-06-17,"COR",6.1,6.3,NA,"instar","SKG, CC"
"427",2019-06-24,"COR",5.4,5.4,NA,"instar","SKG, CC"
"428",2019-06-24,"COR",5.4,5.5,NA,"instar","SKG, CC"
"429",2019-07-02,"COR",5.1,5.4,NA,"instar","SKG, CC"
"430",2019-07-02,"COR",5.3,5.5,NA,"instar","SKG, CC"
"431",2019-07-02,"COR",5.4,5.4,NA,"instar","SKG, CC"
"432",2019-07-02,"COR",5.5,5.5,NA,"instar","SKG, CC"
"433",2019-07-02,"COR",5.7,5.8,NA,"instar","SKG, CC"
"434",2019-07-09,"COR",4.5,4.4,NA,"instar","SKG, CC"
"435",2019-07-09,"COR",4.7,5,NA,"instar","SKG, CC"
"436",2019-07-09,"COR",4.9,5.2,NA,"instar","SKG, CC"
"437",2019-07-09,"COR",5,5,NA,"instar","SKG, CC"
"438",2019-07-09,"COR",5,5.1,NA,"instar","SKG, CC"
"439",2019-07-09,"COR",5.1,5.3,NA,"instar","SKG, CC"
"440",2019-07-09,"COR",5.2,5.3,NA,"instar","SKG, CC"
"441",2019-07-09,"COR",5.4,5.5,NA,"instar","SKG, CC"
"442",2019-07-09,"COR",5.5,5.4,NA,"instar","SKG, CC"
"443",2019-07-09,"COR",5.5,5.7,NA,"instar","SKG, CC"
"444",2019-07-09,"COR",5.7,5.9,NA,"instar","SKG, CC"
"445",2019-07-09,"COR",5.9,5.9,NA,"instar","SKG, CC"
"446",2019-07-15,"COR",4.8,5,NA,"instar","SKG, CC"
"447",2019-07-15,"COR",4.9,5.1,NA,"instar","SKG, CC"
"448",2019-07-15,"COR",5,5,NA,"instar","SKG, CC"
"449",2019-07-15,"COR",5,5.1,NA,"instar","SKG, CC"
"450",2019-07-15,"COR",5.1,5.2,NA,"instar","SKG, CC"
"451",2019-07-15,"COR",5.1,5.3,NA,"instar","SKG, CC"
"452",2019-07-15,"COR",5.2,5.2,NA,"instar","SKG, CC"
"453",2019-07-15,"COR",5.4,5.5,NA,"instar","SKG, CC"
"454",2019-07-15,"COR",5.5,5.5,NA,"instar","SKG, CC"
"455",2019-07-15,"COR",5.8,5.8,NA,"instar","SKG, CC"
"456",2019-07-22,"COR",5.1,5,NA,"instar","SKG, CC"
"457",2019-07-22,"COR",5.3,5.3,NA,"instar","SKG, CC"
"458",2019-07-22,"COR",5.3,5.4,NA,"instar","SKG, CC"
"459",2019-07-22,"COR",5.4,5.3,NA,"instar","SKG, CC"
"460",2019-07-22,"COR",5.6,5.6,NA,"instar","SKG, CC"
"461",2019-07-30,"COR",5.1,5.2,NA,"instar","SKG, CC"
"462",2019-08-05,"COR",5.4,5.4,NA,"instar","SKG, CC"
"463",2019-07-03,"OAK",4.8,4.7,NA,"instar","SKG, CC"
"464",2019-05-06,"ROS",6,6,NA,"instar","SKG, CC"
"465",2019-05-06,"ROS",6.3,6.4,NA,"instar","SKG, CC"
"466",2019-05-06,"ROS",6.4,6.4,NA,"instar","SKG, CC"
"467",2019-05-06,"ROS",6.4,6.5,NA,"instar","SKG, CC"
"468",2019-05-06,"ROS",6.6,6.5,NA,"instar","SKG, CC"
"469",2019-05-06,"ROS",6.7,6.6,NA,"instar","SKG, CC"
"470",2019-05-06,"ROS",6.7,6.7,NA,"instar","SKG, CC"
"471",2019-05-06,"ROS",6.7,6.9,NA,"instar","SKG, CC"
"472",2019-05-06,"ROS",6.8,6.8,NA,"instar","SKG, CC"
"473",2019-05-06,"ROS",6.8,6.9,NA,"instar","SKG, CC"
"474",2019-05-06,"ROS",6.9,6.9,NA,"instar","SKG, CC"
"475",2019-05-06,"ROS",7,7,NA,"instar","SKG, CC"
"476",2019-05-06,"ROS",7.1,7.1,NA,"instar","SKG, CC"
"477",2019-05-06,"ROS",7.1,7.2,NA,"instar","SKG, CC"
"478",2019-05-06,"ROS",7.2,7.1,NA,"instar","SKG, CC"
"479",2019-05-06,"ROS",7.2,7.2,NA,"instar","SKG, CC"
"480",2019-05-06,"ROS",7.2,7.3,NA,"instar","SKG, CC"
"481",2019-05-06,"ROS",7.3,7.3,NA,"instar","SKG, CC"
"482",2019-05-06,"ROS",7.3,7.4,NA,"instar","SKG, CC"
"483",2019-05-06,"ROS",7.5,7.5,NA,"instar","SKG, CC"
"484",2019-05-06,"ROS",7.5,7.6,NA,"instar","SKG, CC"
"485",2019-05-06,"ROS",7.6,7.6,NA,"instar","SKG, CC"
"486",2019-05-13,"ROS",6.5,6.7,NA,"instar","SKG, CC"
"487",2019-05-13,"ROS",6.6,6.7,NA,"instar","SKG, CC"
"488",2019-05-13,"ROS",6.6,6.8,NA,"instar","SKG, CC"
"489",2019-05-13,"ROS",6.9,7,NA,"instar","SKG, CC"
"490",2019-05-13,"ROS",7.1,7.1,NA,"instar","SKG, CC"
"491",2019-05-13,"ROS",7.3,7.3,NA,"instar","SKG, CC"
"492",2019-05-20,"ROS",6.3,6.4,NA,"instar","SKG, CC"
"493",2019-05-20,"ROS",7,6.9,NA,"instar","SKG, CC"
"494",2019-05-27,"ROS",6.2,6.1,NA,"instar","SKG, CC"
"495",2019-05-27,"ROS",6.2,6.2,NA,"instar","SKG, CC"
"496",2019-05-27,"ROS",6.2,6.3,NA,"instar","SKG, CC"
"497",2019-05-27,"ROS",6.3,6.3,NA,"instar","SKG, CC"
"498",2019-05-27,"ROS",6.4,6.4,NA,"instar","SKG, CC"
"499",2019-05-27,"ROS",6.4,6.5,NA,"instar","SKG, CC"
"500",2019-05-27,"ROS",6.5,6.5,NA,"instar","SKG, CC"
"501",2019-05-27,"ROS",6.6,6.6,NA,"instar","SKG, CC"
"502",2019-05-27,"ROS",6.6,6.8,NA,"instar","SKG, CC"
"503",2019-05-27,"ROS",6.8,6.7,NA,"instar","SKG, CC"
"504",2019-05-27,"ROS",6.8,6.8,NA,"instar","SKG, CC"
"505",2019-05-27,"ROS",6.8,6.9,NA,"instar","SKG, CC"
"506",2019-05-27,"ROS",6.9,6.6,NA,"instar","SKG, CC"
"507",2019-05-27,"ROS",6.9,6.9,NA,"instar","SKG, CC"
"508",2019-05-27,"ROS",7,7,NA,"instar","SKG, CC"
"509",2019-05-27,"ROS",7,7.1,NA,"instar","SKG, CC"
"510",2019-05-27,"ROS",7.2,7.2,NA,"instar","SKG, CC"
"511",2019-05-27,"ROS",7.2,7.3,NA,"instar","SKG, CC"
"512",2019-05-27,"ROS",7.2,7.4,NA,"instar","SKG, CC"
"513",2019-05-27,"ROS",7.4,7.4,NA,"instar","SKG, CC"
"514",2019-05-27,"ROS",7.5,7.5,NA,"instar","SKG, CC"
"515",2019-06-03,"ROS",5.8,5.8,NA,"instar","SKG, CC"
"516",2019-06-03,"ROS",5.9,5.8,NA,"instar","SKG, CC"
"517",2019-06-03,"ROS",5.9,6,NA,"instar","SKG, CC"
"518",2019-06-03,"ROS",6,6.1,NA,"instar","SKG, CC"
"519",2019-06-03,"ROS",6.1,6.1,NA,"instar","SKG, CC"
"520",2019-06-03,"ROS",6.2,6.2,NA,"instar","SKG, CC"
"521",2019-06-03,"ROS",6.2,6.3,NA,"instar","SKG, CC"
"522",2019-06-03,"ROS",6.4,6.4,NA,"instar","SKG, CC"
"523",2019-06-03,"ROS",6.4,6.5,NA,"instar","SKG, CC"
"524",2019-06-03,"ROS",6.5,6.4,NA,"instar","SKG, CC"
"525",2019-06-03,"ROS",6.5,6.5,NA,"instar","SKG, CC"
"526",2019-06-03,"ROS",6.6,6.6,NA,"instar","SKG, CC"
"527",2019-06-03,"ROS",6.7,6.6,NA,"instar","SKG, CC"
"528",2019-06-03,"ROS",6.7,6.7,NA,"instar","SKG, CC"
"529",2019-06-03,"ROS",6.7,6.8,NA,"instar","SKG, CC"
"530",2019-06-03,"ROS",6.8,6.8,NA,"instar","SKG, CC"
"531",2019-06-03,"ROS",6.8,6.9,NA,"instar","SKG, CC"
"532",2019-06-03,"ROS",6.9,6.8,NA,"instar","SKG, CC"
"533",2019-06-03,"ROS",7,7,NA,"instar","SKG, CC"
"534",2019-06-10,"ROS",6,6.1,NA,"instar","SKG, CC"
"535",2019-06-10,"ROS",6.1,6,NA,"instar","SKG, CC"
"536",2019-06-10,"ROS",6.1,6.1,NA,"instar","SKG, CC"
"537",2019-06-10,"ROS",6.2,6.1,NA,"instar","SKG, CC"
"538",2019-06-10,"ROS",6.2,6.2,NA,"instar","SKG, CC"
"539",2019-06-10,"ROS",6.3,6.3,NA,"instar","SKG, CC"
"540",2019-06-10,"ROS",6.6,6.5,NA,"instar","SKG, CC"
"541",2019-06-10,"ROS",6.6,6.6,NA,"instar","SKG, CC"
"542",2019-06-10,"ROS",6.8,6.7,NA,"instar","SKG, CC"
"543",2019-06-10,"ROS",7.2,7.1,NA,"instar","SKG, CC"
"544",2019-06-10,"ROS",7.2,7.2,NA,"instar","SKG, CC"
"545",2019-06-17,"ROS",5,5.2,NA,"instar","SKG, CC"
"546",2019-06-17,"ROS",5.1,5.1,NA,"instar","SKG, CC"
"547",2019-06-17,"ROS",5.1,5.2,NA,"instar","SKG, CC"
"548",2019-06-17,"ROS",5.2,5.2,NA,"instar","SKG, CC"
"549",2019-06-17,"ROS",5.3,5.5,NA,"instar","SKG, CC"
"550",2019-06-17,"ROS",5.5,5.5,NA,"instar","SKG, CC"
"551",2019-06-17,"ROS",5.6,5.6,NA,"instar","SKG, CC"
"552",2019-06-17,"ROS",5.6,5.7,NA,"instar","SKG, CC"
"553",2019-06-17,"ROS",6.3,6.2,NA,"instar","SKG, CC"
"554",2019-06-17,"ROS",6.4,6.4,NA,"instar","SKG, CC"
"555",2019-06-17,"ROS",6.5,6.6,NA,"instar","SKG, CC"
"556",2019-06-24,"ROS",4.9,4.9,NA,"instar","SKG, CC"
"557",2019-06-24,"ROS",5,5,NA,"instar","SKG, CC"
"558",2019-06-24,"ROS",5,5.2,NA,"instar","SKG, CC"
"559",2019-06-24,"ROS",5.1,5.2,NA,"instar","SKG, CC"
"560",2019-06-24,"ROS",5.4,5.4,NA,"instar","SKG, CC"
"561",2019-06-24,"ROS",5.4,5.6,NA,"instar","SKG, CC"
"562",2019-07-01,"ROS",4.9,5.1,NA,"instar","SKG, CC"
"563",2019-07-01,"ROS",5,5.2,NA,"instar","SKG, CC"
"564",2019-07-01,"ROS",5.1,5.2,NA,"instar","SKG, CC"
"565",2019-07-01,"ROS",5.2,5.2,NA,"instar","SKG, CC"
"566",2019-07-01,"ROS",5.2,5.3,NA,"instar","SKG, CC"
"567",2019-07-01,"ROS",5.3,5.3,NA,"instar","SKG, CC"
"568",2019-07-01,"ROS",5.3,5.4,NA,"instar","SKG, CC"
"569",2019-07-01,"ROS",5.4,5.5,NA,"instar","SKG, CC"
"570",2019-07-01,"ROS",5.4,5.6,NA,"instar","SKG, CC"
"571",2019-07-01,"ROS",5.5,5.5,NA,"instar","SKG, CC"
"572",2019-07-01,"ROS",5.5,5.6,NA,"instar","SKG, CC"
"573",2019-07-01,"ROS",5.5,5.7,NA,"instar","SKG, CC"
"574",2019-07-01,"ROS",5.6,5.6,NA,"instar","SKG, CC"
"575",2019-07-01,"ROS",5.6,5.7,NA,"instar","SKG, CC"
"576",2019-07-01,"ROS",5.7,5.8,NA,"instar","SKG, CC"
"577",2019-07-01,"ROS",5.8,5.8,NA,"instar","SKG, CC"
"578",2019-07-01,"ROS",6,6.1,NA,"instar","SKG, CC"
"579",2019-07-09,"ROS",4.9,4.9,NA,"instar","SKG, CC"
"580",2019-07-09,"ROS",5,5.1,NA,"instar","SKG, CC"
"581",2019-07-09,"ROS",5.1,5.2,NA,"instar","SKG, CC"
"582",2019-07-09,"ROS",5.1,5.6,NA,"instar","SKG, CC"
"583",2019-07-09,"ROS",5.3,5.4,NA,"instar","SKG, CC"
"584",2019-07-15,"ROS",4.5,4.8,NA,"instar","SKG, CC"
"585",2019-07-15,"ROS",5.1,5.1,NA,"instar","SKG, CC"
"586",2019-07-15,"ROS",5.1,5.2,NA,"instar","SKG, CC"
"587",2019-07-15,"ROS",5.3,5.3,NA,"instar","SKG, CC"
"588",2019-07-15,"ROS",5.3,5.5,NA,"instar","SKG, CC"
"589",2019-07-22,"ROS",5.7,5.7,NA,"instar","SKG, CC"
"590",2019-04-29,"ANA",3.2,6.8,8.5,"megalopae","SKG, CC"
"591",2019-04-29,"ANA",3.4,6.9,8.6,"megalopae","SKG, CC"
"592",2019-04-29,"ANA",3.5,6.9,8.6,"megalopae","SKG, CC"
"593",2019-04-29,"ANA",3.5,7,8.6,"megalopae","SKG, CC"
"594",2019-04-29,"ANA",3.6,7,9.1,"megalopae","SKG, CC"
"595",2019-05-06,"ANA",2.5,6,7.7,"megalopae","SKG, CC"
"596",2019-05-06,"ANA",2.8,6.5,8.2,"megalopae","SKG, CC"
"597",2019-05-06,"ANA",2.9,6.6,8.3,"megalopae","SKG, CC"
"598",2019-05-06,"ANA",2.9,7,8.4,"megalopae","SKG, CC"
"599",2019-05-06,"ANA",3,6.2,7.7,"megalopae","SKG, CC"
"600",2019-05-06,"ANA",3,7,7.8,"megalopae","SKG, CC"
"601",2019-05-06,"ANA",3,7.5,8.5,"megalopae","SKG, CC"
"602",2019-05-06,"ANA",3.1,6.3,8.1,"megalopae","SKG, CC"
"603",2019-05-06,"ANA",3.1,6.5,8.1,"megalopae","SKG, CC"
"604",2019-05-06,"ANA",3.2,6.5,8.2,"megalopae","SKG, CC"
"605",2019-05-06,"ANA",3.2,6.5,8.5,"megalopae","SKG, CC"
"606",2019-05-06,"ANA",3.2,6.9,7.8,"megalopae","SKG, CC"
"607",2019-05-06,"ANA",3.3,6.5,8.2,"megalopae","SKG, CC"
"608",2019-05-06,"ANA",3.3,6.6,8.1,"megalopae","SKG, CC"
"609",2019-05-06,"ANA",3.3,7.4,8.5,"megalopae","SKG, CC"
"610",2019-05-06,"ANA",3.4,6.6,8.2,"megalopae","SKG, CC"
"611",2019-05-06,"ANA",3.4,6.9,8.3,"megalopae","SKG, CC"
"612",2019-05-06,"ANA",3.4,7,8.1,"megalopae","SKG, CC"
"613",2019-05-06,"ANA",3.4,7,8.7,"megalopae","SKG, CC"
"614",2019-05-06,"ANA",3.5,5.8,7.4,"megalopae","SKG, CC"
"615",2019-05-06,"ANA",3.5,6.6,8.3,"megalopae","SKG, CC"
"616",2019-05-06,"ANA",3.5,7,8.2,"megalopae","SKG, CC"
"617",2019-05-06,"ANA",3.6,6.4,8.8,"megalopae","SKG, CC"
"618",2019-05-06,"ANA",3.6,7,8.7,"megalopae","SKG, CC"
"619",2019-05-06,"ANA",3.6,7.4,8.8,"megalopae","SKG, CC"
"620",2019-05-06,"ANA",3.7,6.9,8.4,"megalopae","SKG, CC"
"621",2019-05-06,"ANA",3.7,6.9,8.5,"megalopae","SKG, CC"
"622",2019-05-06,"ANA",3.8,7.2,9,"megalopae","SKG, CC"
"623",2019-05-13,"ANA",3.3,6.6,8.5,"megalopae","SKG, CC"
"624",2019-05-15,"ANA",3.2,6.8,8.4,"megalopae","SKG, CC"
"625",2019-05-16,"ANA",2.8,6.7,8.1,"megalopae","SKG, CC"
"626",2019-05-16,"ANA",3,6.6,8.2,"megalopae","SKG, CC"
"627",2019-05-16,"ANA",3.2,6.8,8.1,"megalopae","SKG, CC"
"628",2019-05-16,"ANA",3.4,7,8.6,"megalopae","SKG, CC"
"629",2019-05-21,"ANA",2.5,5.3,6.5,"megalopae","SKG, CC"
"630",2019-06-03,"ANA",2.5,5.9,7.7,"megalopae","SKG, CC"
"631",2019-06-03,"ANA",2.5,6.3,7.8,"megalopae","SKG, CC"
"632",2019-06-03,"ANA",2.6,5.7,7.3,"megalopae","SKG, CC"
"633",2019-06-03,"ANA",2.6,6,7.8,"megalopae","SKG, CC"
"634",2019-06-03,"ANA",2.6,6.3,7.8,"megalopae","SKG, CC"
"635",2019-06-03,"ANA",2.7,6.2,7.7,"megalopae","SKG, CC"
"636",2019-06-03,"ANA",2.7,6.2,8,"megalopae","SKG, CC"
"637",2019-06-03,"ANA",2.8,5.7,7.3,"megalopae","SKG, CC"
"638",2019-06-03,"ANA",2.8,6,7.3,"megalopae","SKG, CC"
"639",2019-06-03,"ANA",2.8,6.1,7,"megalopae","SKG, CC"
"640",2019-06-03,"ANA",2.8,6.2,7.4,"megalopae","SKG, CC"
"641",2019-06-03,"ANA",2.8,6.2,8,"megalopae","SKG, CC"
"642",2019-06-03,"ANA",2.8,6.8,8.3,"megalopae","SKG, CC"
"643",2019-06-03,"ANA",2.9,6.2,8,"megalopae","SKG, CC"
"644",2019-06-03,"ANA",2.9,6.2,8.1,"megalopae","SKG, CC"
"645",2019-06-03,"ANA",2.9,6.3,8.2,"megalopae","SKG, CC"
"646",2019-06-03,"ANA",2.9,6.4,8,"megalopae","SKG, CC"
"647",2019-06-03,"ANA",2.9,6.5,8.2,"megalopae","SKG, CC"
"648",2019-06-03,"ANA",3,6.5,8.2,"megalopae","SKG, CC"
"649",2019-06-03,"ANA",3,6.6,8.1,"megalopae","SKG, CC"
"650",2019-06-03,"ANA",3,6.8,8.3,"megalopae","SKG, CC"
"651",2019-06-03,"ANA",3.1,6.3,7,"megalopae","SKG, CC"
"652",2019-06-03,"ANA",3.1,6.6,8.7,"megalopae","SKG, CC"
"653",2019-06-03,"ANA",3.1,6.7,8.7,"megalopae","SKG, CC"
"654",2019-06-03,"ANA",3.1,7,9,"megalopae","SKG, CC"
"655",2019-06-03,"ANA",3.2,6.4,7.8,"megalopae","SKG, CC"
"656",2019-06-03,"ANA",3.2,6.7,8.3,"megalopae","SKG, CC"
"657",2019-06-03,"ANA",3.3,6.2,7.7,"megalopae","SKG, CC"
"658",2019-06-03,"ANA",3.3,6.4,8.4,"megalopae","SKG, CC"
"659",2019-06-03,"ANA",3.4,7.5,9.5,"megalopae","SKG, CC"
"660",2019-06-10,"ANA",2.2,5.7,7.2,"megalopae","SKG, CC"
"661",2019-06-10,"ANA",2.4,5.2,7.1,"megalopae","SKG, CC"
"662",2019-06-10,"ANA",2.4,5.7,7.1,"megalopae","SKG, CC"
"663",2019-06-10,"ANA",2.5,5.6,6.9,"megalopae","SKG, CC"
"664",2019-06-10,"ANA",2.6,5.7,7.5,"megalopae","SKG, CC"
"665",2019-06-10,"ANA",3,6.9,8,"megalopae","SKG, CC"
"666",2019-06-13,"ANA",2.1,5.4,6.3,"megalopae","SKG, CC"
"667",2019-06-13,"ANA",2.4,5.3,6.7,"megalopae","SKG, CC"
"668",2019-06-13,"ANA",2.4,5.9,7.2,"megalopae","SKG, CC"
"669",2019-06-13,"ANA",2.5,6.4,7.6,"megalopae","SKG, CC"
"670",2019-06-13,"ANA",2.6,5.9,7.2,"megalopae","SKG, CC"
"671",2019-06-13,"ANA",2.7,5.7,7.3,"megalopae","SKG, CC"
"672",2019-06-13,"ANA",2.8,6.2,7,"megalopae","SKG, CC"
"673",2019-06-13,"ANA",2.9,6.1,7.5,"megalopae","SKG, CC"
"674",2019-06-13,"ANA",3,6.6,7.7,"megalopae","SKG, CC"
"675",2019-06-17,"ANA",2.1,5.3,6.8,"megalopae","SKG, CC"
"676",2019-06-17,"ANA",2.2,4.9,6.8,"megalopae","SKG, CC"
"677",2019-06-17,"ANA",2.2,5.1,6.8,"megalopae","SKG, CC"
"678",2019-06-17,"ANA",2.2,5.2,6.7,"megalopae","SKG, CC"
"679",2019-06-17,"ANA",2.2,5.6,7,"megalopae","SKG, CC"
"680",2019-06-17,"ANA",2.2,5.8,7.3,"megalopae","SKG, CC"
"681",2019-06-17,"ANA",2.3,5.2,6.8,"megalopae","SKG, CC"
"682",2019-06-17,"ANA",2.3,5.3,7,"megalopae","SKG, CC"
"683",2019-06-17,"ANA",2.3,5.4,7.1,"megalopae","SKG, CC"
"684",2019-06-17,"ANA",2.3,5.4,7.3,"megalopae","SKG, CC"
"685",2019-06-17,"ANA",2.3,5.5,7,"megalopae","SKG, CC"
"686",2019-06-17,"ANA",2.3,5.5,7.2,"megalopae","SKG, CC"
"687",2019-06-17,"ANA",2.3,5.7,7.2,"megalopae","SKG, CC"
"688",2019-06-17,"ANA",2.3,5.9,7.2,"megalopae","SKG, CC"
"689",2019-06-17,"ANA",2.3,6,7,"megalopae","SKG, CC"
"690",2019-06-17,"ANA",2.4,5.3,6.9,"megalopae","SKG, CC"
"691",2019-06-17,"ANA",2.4,5.3,7,"megalopae","SKG, CC"
"692",2019-06-17,"ANA",2.4,5.5,7.2,"megalopae","SKG, CC"
"693",2019-06-17,"ANA",2.5,5.1,6.2,"megalopae","SKG, CC"
"694",2019-06-17,"ANA",2.5,5.3,7,"megalopae","SKG, CC"
"695",2019-06-17,"ANA",2.5,5.5,7.5,"megalopae","SKG, CC"
"696",2019-06-17,"ANA",2.5,5.6,6.9,"megalopae","SKG, CC"
"697",2019-06-17,"ANA",2.5,6,7.4,"megalopae","SKG, CC"
"698",2019-06-17,"ANA",2.5,6.1,7.1,"megalopae","SKG, CC"
"699",2019-06-17,"ANA",2.5,6.1,7.2,"megalopae","SKG, CC"
"700",2019-06-17,"ANA",2.6,5.5,7.1,"megalopae","SKG, CC"
"701",2019-06-17,"ANA",2.6,5.8,7.3,"megalopae","SKG, CC"
"702",2019-06-17,"ANA",2.9,5.8,7.4,"megalopae","SKG, CC"
"703",2019-06-25,"ANA",1.8,5.4,6.6,"megalopae","SKG, CC"
"704",2019-06-25,"ANA",2.1,5.6,7,"megalopae","SKG, CC"
"705",2019-06-25,"ANA",2.2,5.2,6.8,"megalopae","SKG, CC"
"706",2019-06-25,"ANA",2.3,5.1,6.6,"megalopae","SKG, CC"
"707",2019-06-25,"ANA",2.4,5.6,6.9,"megalopae","SKG, CC"
"708",2019-06-25,"ANA",2.8,5.5,7.1,"megalopae","SKG, CC"
"709",2019-06-27,"ANA",2.2,4.9,6.6,"megalopae","SKG, CC"
"710",2019-06-27,"ANA",2.2,5.2,7,"megalopae","SKG, CC"
"711",2019-06-27,"ANA",2.2,5.3,6.8,"megalopae","SKG, CC"
"712",2019-06-27,"ANA",2.3,4.8,6.6,"megalopae","SKG, CC"
"713",2019-06-27,"ANA",2.3,5,6.8,"megalopae","SKG, CC"
"714",2019-06-27,"ANA",2.3,5.2,6.8,"megalopae","SKG, CC"
"715",2019-06-27,"ANA",2.3,5.3,6.7,"megalopae","SKG, CC"
"716",2019-06-27,"ANA",2.3,5.3,7.1,"megalopae","SKG, CC"
"717",2019-06-27,"ANA",2.3,5.4,7,"megalopae","SKG, CC"
"718",2019-06-27,"ANA",2.3,6.1,7.1,"megalopae","SKG, CC"
"719",2019-06-27,"ANA",2.4,5.2,7.2,"megalopae","SKG, CC"
"720",2019-06-27,"ANA",2.4,5.5,6.9,"megalopae","SKG, CC"
"721",2019-06-27,"ANA",2.4,6.1,7,"megalopae","SKG, CC"
"722",2019-06-27,"ANA",2.5,5.4,6.9,"megalopae","SKG, CC"
"723",2019-06-27,"ANA",2.5,5.5,7.2,"megalopae","SKG, CC"
"724",2019-06-27,"ANA",2.5,5.6,7,"megalopae","SKG, CC"
"725",2019-06-27,"ANA",2.5,5.7,7.2,"megalopae","SKG, CC"
"726",2019-06-27,"ANA",2.6,5.4,7,"megalopae","SKG, CC"
"727",2019-06-27,"ANA",2.6,6,7.2,"megalopae","SKG, CC"
"728",2019-06-27,"ANA",2.6,6.2,7.3,"megalopae","SKG, CC"
"729",2019-06-27,"ANA",2.7,5.7,7.5,"megalopae","SKG, CC"
"730",2019-06-27,"ANA",2.8,5.7,7.5,"megalopae","SKG, CC"
"731",2019-07-01,"ANA",2,5.3,6.8,"megalopae","SKG, CC"
"732",2019-07-01,"ANA",2.1,4.7,6.3,"megalopae","SKG, CC"
"733",2019-07-01,"ANA",2.1,4.8,6.2,"megalopae","SKG, CC"
"734",2019-07-01,"ANA",2.1,4.9,6.3,"megalopae","SKG, CC"
"735",2019-07-01,"ANA",2.1,5,6.4,"megalopae","SKG, CC"
"736",2019-07-01,"ANA",2.1,5,6.8,"megalopae","SKG, CC"
"737",2019-07-01,"ANA",2.1,5.3,6.5,"megalopae","SKG, CC"
"738",2019-07-01,"ANA",2.2,4.7,6.4,"megalopae","SKG, CC"
"739",2019-07-01,"ANA",2.2,4.9,6.6,"megalopae","SKG, CC"
"740",2019-07-01,"ANA",2.2,5.2,6.6,"megalopae","SKG, CC"
"741",2019-07-01,"ANA",2.2,5.2,7,"megalopae","SKG, CC"
"742",2019-07-01,"ANA",2.2,5.4,6.8,"megalopae","SKG, CC"
"743",2019-07-01,"ANA",2.3,5,6.1,"megalopae","SKG, CC"
"744",2019-07-01,"ANA",2.3,5,6.7,"megalopae","SKG, CC"
"745",2019-07-01,"ANA",2.3,5.1,6.6,"megalopae","SKG, CC"
"746",2019-07-01,"ANA",2.3,5.1,6.7,"megalopae","SKG, CC"
"747",2019-07-01,"ANA",2.3,5.3,6.7,"megalopae","SKG, CC"
"748",2019-07-01,"ANA",2.3,5.5,6.9,"megalopae","SKG, CC"
"749",2019-07-01,"ANA",2.3,5.5,7,"megalopae","SKG, CC"
"750",2019-07-01,"ANA",2.4,4.6,6.1,"megalopae","SKG, CC"
"751",2019-07-01,"ANA",2.4,5.3,6.7,"megalopae","SKG, CC"
"752",2019-07-01,"ANA",2.4,5.4,6.3,"megalopae","SKG, CC"
"753",2019-07-01,"ANA",2.4,5.4,6.8,"megalopae","SKG, CC"
"754",2019-07-01,"ANA",2.4,5.4,7.3,"megalopae","SKG, CC"
"755",2019-07-01,"ANA",2.4,5.5,7.1,"megalopae","SKG, CC"
"756",2019-07-01,"ANA",2.5,5.5,7.3,"megalopae","SKG, CC"
"757",2019-07-01,"ANA",2.6,6,7,"megalopae","SKG, CC"
"758",2019-07-01,"ANA",2.7,5.8,6.9,"megalopae","SKG, CC"
"759",2019-07-09,"ANA",2.1,4.9,6.1,"megalopae","SKG, CC"
"760",2019-07-09,"ANA",2.1,5.2,6.5,"megalopae","SKG, CC"
"761",2019-07-09,"ANA",2.1,5.2,6.9,"megalopae","SKG, CC"
"762",2019-07-09,"ANA",2.1,5.6,6.6,"megalopae","SKG, CC"
"763",2019-07-09,"ANA",2.2,5.1,6.6,"megalopae","SKG, CC"
"764",2019-07-09,"ANA",2.2,5.4,6.7,"megalopae","SKG, CC"
"765",2019-07-09,"ANA",2.2,5.5,6.1,"megalopae","SKG, CC"
"766",2019-07-09,"ANA",2.2,5.5,6.8,"megalopae","SKG, CC"
"767",2019-07-09,"ANA",2.3,5.1,6.3,"megalopae","SKG, CC"
"768",2019-07-09,"ANA",2.3,5.1,6.8,"megalopae","SKG, CC"
"769",2019-07-09,"ANA",2.3,5.6,6.5,"megalopae","SKG, CC"
"770",2019-07-09,"ANA",2.3,5.6,6.8,"megalopae","SKG, CC"
"771",2019-07-09,"ANA",2.4,5,6.5,"megalopae","SKG, CC"
"772",2019-07-09,"ANA",2.4,5.1,6.4,"megalopae","SKG, CC"
"773",2019-07-09,"ANA",2.4,5.2,6.6,"megalopae","SKG, CC"
"774",2019-07-09,"ANA",2.4,5.2,7.1,"megalopae","SKG, CC"
"775",2019-07-09,"ANA",2.4,5.3,6.4,"megalopae","SKG, CC"
"776",2019-07-09,"ANA",2.4,5.3,6.7,"megalopae","SKG, CC"
"777",2019-07-09,"ANA",2.4,5.4,7.2,"megalopae","SKG, CC"
"778",2019-07-09,"ANA",2.4,5.5,6.8,"megalopae","SKG, CC"
"779",2019-07-09,"ANA",2.4,5.5,6.9,"megalopae","SKG, CC"
"780",2019-07-09,"ANA",2.4,5.6,7.1,"megalopae","SKG, CC"
"781",2019-07-09,"ANA",2.5,5,6.6,"megalopae","SKG, CC"
"782",2019-07-09,"ANA",2.5,5.4,7.4,"megalopae","SKG, CC"
"783",2019-07-09,"ANA",2.5,5.6,6.7,"megalopae","SKG, CC"
"784",2019-07-09,"ANA",2.5,6.1,6.7,"megalopae","SKG, CC"
"785",2019-07-09,"ANA",2.6,5.2,6.5,"megalopae","SKG, CC"
"786",2019-07-09,"ANA",2.6,5.4,7.1,"megalopae","SKG, CC"
"787",2019-07-09,"ANA",2.7,5.7,7.4,"megalopae","SKG, CC"
"788",2019-07-15,"ANA",2,5.6,6.7,"megalopae","SKG, CC"
"789",2019-07-15,"ANA",2.2,4.9,6.1,"megalopae","SKG, CC"
"790",2019-07-15,"ANA",2.2,5.1,6.8,"megalopae","SKG, CC"
"791",2019-07-15,"ANA",2.2,5.5,6.4,"megalopae","SKG, CC"
"792",2019-07-15,"ANA",2.2,5.6,7.2,"megalopae","SKG, CC"
"793",2019-07-15,"ANA",2.3,5.2,6.5,"megalopae","SKG, CC"
"794",2019-07-15,"ANA",2.3,5.2,6.7,"megalopae","SKG, CC"
"795",2019-07-15,"ANA",2.3,5.2,7,"megalopae","SKG, CC"
"796",2019-07-15,"ANA",2.3,5.6,6.6,"megalopae","SKG, CC"
"797",2019-07-15,"ANA",2.4,5.3,6.8,"megalopae","SKG, CC"
"798",2019-07-15,"ANA",2.4,5.3,7,"megalopae","SKG, CC"
"799",2019-07-15,"ANA",2.4,5.5,6.9,"megalopae","SKG, CC"
"800",2019-07-15,"ANA",2.4,5.5,7.3,"megalopae","SKG, CC"
"801",2019-07-15,"ANA",2.4,5.6,6.6,"megalopae","SKG, CC"
"802",2019-07-15,"ANA",2.4,5.6,7.3,"megalopae","SKG, CC"
"803",2019-07-15,"ANA",2.4,5.7,7.5,"megalopae","SKG, CC"
"804",2019-07-15,"ANA",2.4,6.1,7.1,"megalopae","SKG, CC"
"805",2019-07-15,"ANA",2.5,5.2,6.7,"megalopae","SKG, CC"
"806",2019-07-15,"ANA",2.5,5.4,6.8,"megalopae","SKG, CC"
"807",2019-07-15,"ANA",2.5,5.6,6.5,"megalopae","SKG, CC"
"808",2019-07-15,"ANA",2.5,5.6,6.6,"megalopae","SKG, CC"
"809",2019-07-15,"ANA",2.5,5.7,6.7,"megalopae","SKG, CC"
"810",2019-07-15,"ANA",2.5,6,7.2,"megalopae","SKG, CC"
"811",2019-07-15,"ANA",2.5,6.7,7.7,"megalopae","SKG, CC"
"812",2019-07-15,"ANA",2.6,5.6,6.9,"megalopae","SKG, CC"
"813",2019-07-15,"ANA",2.6,5.6,7,"megalopae","SKG, CC"
"814",2019-07-15,"ANA",2.6,5.7,7.5,"megalopae","SKG, CC"
"815",2019-07-15,"ANA",2.6,6,7.3,"megalopae","SKG, CC"
"816",2019-07-15,"ANA",2.7,5.2,6.7,"megalopae","SKG, CC"
"817",2019-07-22,"ANA",2,4.7,6.4,"megalopae","SKG, CC"
"818",2019-07-22,"ANA",2.1,4.7,6.4,"megalopae","SKG, CC"
"819",2019-07-22,"ANA",2.1,4.8,6.2,"megalopae","SKG, CC"
"820",2019-07-22,"ANA",2.1,5.1,6.4,"megalopae","SKG, CC"
"821",2019-07-22,"ANA",2.1,5.3,6.5,"megalopae","SKG, CC"
"822",2019-07-22,"ANA",2.1,5.4,7.2,"megalopae","SKG, CC"
"823",2019-07-22,"ANA",2.2,4.8,6.5,"megalopae","SKG, CC"
"824",2019-07-22,"ANA",2.2,5.1,6.7,"megalopae","SKG, CC"
"825",2019-07-22,"ANA",2.2,5.2,6.7,"megalopae","SKG, CC"
"826",2019-07-22,"ANA",2.2,5.3,6.1,"megalopae","SKG, CC"
"827",2019-07-22,"ANA",2.2,5.3,6.6,"megalopae","SKG, CC"
"828",2019-07-22,"ANA",2.2,5.7,6.5,"megalopae","SKG, CC"
"829",2019-07-22,"ANA",2.2,5.9,6.7,"megalopae","SKG, CC"
"830",2019-07-22,"ANA",2.3,5.1,6.4,"megalopae","SKG, CC"
"831",2019-07-22,"ANA",2.3,5.2,6.9,"megalopae","SKG, CC"
"832",2019-07-22,"ANA",2.3,5.3,6.3,"megalopae","SKG, CC"
"833",2019-07-22,"ANA",2.3,5.4,6.9,"megalopae","SKG, CC"
"834",2019-07-22,"ANA",2.3,5.4,7.2,"megalopae","SKG, CC"
"835",2019-07-22,"ANA",2.3,5.7,6.4,"megalopae","SKG, CC"
"836",2019-07-22,"ANA",2.3,5.7,6.7,"megalopae","SKG, CC"
"837",2019-07-22,"ANA",2.3,5.8,6.9,"megalopae","SKG, CC"
"838",2019-07-22,"ANA",2.4,5.3,6.7,"megalopae","SKG, CC"
"839",2019-07-22,"ANA",2.4,5.6,7.3,"megalopae","SKG, CC"
"840",2019-07-22,"ANA",2.4,6.1,7.2,"megalopae","SKG, CC"
"841",2019-07-22,"ANA",2.5,5.4,7,"megalopae","SKG, CC"
"842",2019-07-22,"ANA",2.5,5.8,6.5,"megalopae","SKG, CC"
"843",2019-07-22,"ANA",2.5,6,7.4,"megalopae","SKG, CC"
"844",2019-07-22,"ANA",2.5,6.1,6.7,"megalopae","SKG, CC"
"845",2019-07-22,"ANA",2.5,6.3,7.3,"megalopae","SKG, CC"
"846",2019-07-22,"ANA",2.6,6,6.7,"megalopae","SKG, CC"
"847",2019-07-29,"ANA",2,4.8,6.5,"megalopae","SKG, CC"
"848",2019-07-29,"ANA",2,5.1,6.8,"megalopae","SKG, CC"
"849",2019-07-29,"ANA",2,5.3,6.8,"megalopae","SKG, CC"
"850",2019-07-29,"ANA",2.1,5,6.2,"megalopae","SKG, CC"
"851",2019-07-29,"ANA",2.1,5,6.5,"megalopae","SKG, CC"
"852",2019-07-29,"ANA",2.1,5,6.6,"megalopae","SKG, CC"
"853",2019-07-29,"ANA",2.2,5,6.2,"megalopae","SKG, CC"
"854",2019-07-29,"ANA",2.3,4.8,6.2,"megalopae","SKG, CC"
"855",2019-07-29,"ANA",2.3,5.3,6.8,"megalopae","SKG, CC"
"856",2019-07-29,"ANA",2.3,5.4,6.7,"megalopae","SKG, CC"
"857",2019-07-29,"ANA",2.3,5.9,6.8,"megalopae","SKG, CC"
"858",2019-07-29,"ANA",2.4,5,6.8,"megalopae","SKG, CC"
"859",2019-07-29,"ANA",2.4,5.3,6.8,"megalopae","SKG, CC"
"860",2019-07-29,"ANA",2.4,5.4,6.3,"megalopae","SKG, CC"
"861",2019-07-29,"ANA",2.4,5.4,6.5,"megalopae","SKG, CC"
"862",2019-07-29,"ANA",2.4,5.5,6.2,"megalopae","SKG, CC"
"863",2019-07-29,"ANA",2.4,5.5,6.5,"megalopae","SKG, CC"
"864",2019-07-29,"ANA",2.4,5.9,6.8,"megalopae","SKG, CC"
"865",2019-07-29,"ANA",2.4,6,7,"megalopae","SKG, CC"
"866",2019-07-29,"ANA",2.5,5.1,6.5,"megalopae","SKG, CC"
"867",2019-07-29,"ANA",2.5,5.1,6.7,"megalopae","SKG, CC"
"868",2019-07-29,"ANA",2.5,5.3,6.6,"megalopae","SKG, CC"
"869",2019-07-29,"ANA",2.5,5.3,6.7,"megalopae","SKG, CC"
"870",2019-07-29,"ANA",2.5,5.3,6.8,"megalopae","SKG, CC"
"871",2019-07-29,"ANA",2.5,5.4,7.2,"megalopae","SKG, CC"
"872",2019-07-29,"ANA",2.5,5.5,7.1,"megalopae","SKG, CC"
"873",2019-07-29,"ANA",2.5,5.6,6.8,"megalopae","SKG, CC"
"874",2019-07-29,"ANA",2.5,6.1,7.1,"megalopae","SKG, CC"
"875",2019-07-29,"ANA",2.6,5.3,6.7,"megalopae","SKG, CC"
"876",2019-07-29,"ANA",2.6,5.5,6.7,"megalopae","SKG, CC"
"877",2019-08-05,"ANA",2,4.8,6.5,"megalopae","SKG, CC"
"878",2019-08-05,"ANA",2,5.5,6.2,"megalopae","SKG, CC"
"879",2019-08-05,"ANA",2.1,5.4,6.3,"megalopae","SKG, CC"
"880",2019-08-05,"ANA",2.1,5.8,6.8,"megalopae","SKG, CC"
"881",2019-08-05,"ANA",2.2,5.1,6.4,"megalopae","SKG, CC"
"882",2019-08-05,"ANA",2.3,5.2,6.6,"megalopae","SKG, CC"
"883",2019-08-05,"ANA",2.3,5.5,6.7,"megalopae","SKG, CC"
"884",2019-08-05,"ANA",2.5,5.2,6.5,"megalopae","SKG, CC"
"885",2019-08-05,"ANA",2.5,5.3,6.5,"megalopae","SKG, CC"
"886",2019-08-05,"ANA",2.5,5.5,NA,"megalopae","SKG, CC"
"887",2019-08-05,"ANA",2.5,5.5,6.8,"megalopae","SKG, CC"
"888",2019-08-05,"ANA",2.5,5.7,7,"megalopae","SKG, CC"
"889",2019-08-05,"ANA",2.5,6.1,7,"megalopae","SKG, CC"
"890",2019-08-05,"ANA",2.6,5.3,6.5,"megalopae","SKG, CC"
"891",2019-08-05,"ANA",2.6,5.9,6.9,"megalopae","SKG, CC"
"892",2019-08-22,"ANA",2.3,5.1,6.4,"megalopae","SKG, CC"
"893",2019-04-18,"COR",3.5,6.8,8.9,"megalopae","SKG, CC"
"894",2019-04-18,"COR",3.7,7.5,9.1,"megalopae","SKG, CC"
"895",2019-04-18,"COR",3.8,7.5,9,"megalopae","SKG, CC"
"896",2019-04-22,"COR",3,6.3,7.8,"megalopae","SKG, CC"
"897",2019-04-22,"COR",3.3,6.8,8.1,"megalopae","SKG, CC"
"898",2019-04-22,"COR",3.3,6.8,8.3,"megalopae","SKG, CC"
"899",2019-04-22,"COR",3.4,6.4,8.3,"megalopae","SKG, CC"
"900",2019-04-22,"COR",3.4,6.7,8.5,"megalopae","SKG, CC"
"901",2019-04-22,"COR",3.4,6.8,8.4,"megalopae","SKG, CC"
"902",2019-04-22,"COR",3.4,6.9,8,"megalopae","SKG, CC"
"903",2019-04-22,"COR",3.4,6.9,8.3,"megalopae","SKG, CC"
"904",2019-04-22,"COR",3.4,6.9,8.8,"megalopae","SKG, CC"
"905",2019-04-22,"COR",3.4,7,8.8,"megalopae","SKG, CC"
"906",2019-04-22,"COR",3.5,6.8,9.1,"megalopae","SKG, CC"
"907",2019-04-22,"COR",3.5,7,8.6,"megalopae","SKG, CC"
"908",2019-04-22,"COR",3.5,7.1,8.9,"megalopae","SKG, CC"
"909",2019-04-22,"COR",3.6,6.9,8.7,"megalopae","SKG, CC"
"910",2019-04-22,"COR",3.6,7.1,8.7,"megalopae","SKG, CC"
"911",2019-04-22,"COR",3.6,7.2,9,"megalopae","SKG, CC"
"912",2019-04-22,"COR",3.6,7.2,9.1,"megalopae","SKG, CC"
"913",2019-04-22,"COR",3.6,7.3,8.6,"megalopae","SKG, CC"
"914",2019-04-22,"COR",3.6,7.3,9,"megalopae","SKG, CC"
"915",2019-04-22,"COR",3.6,7.4,9,"megalopae","SKG, CC"
"916",2019-04-22,"COR",3.6,7.5,9.2,"megalopae","SKG, CC"
"917",2019-04-22,"COR",3.7,6.9,8.6,"megalopae","SKG, CC"
"918",2019-04-22,"COR",3.7,6.9,8.7,"megalopae","SKG, CC"
"919",2019-04-22,"COR",3.7,7.1,8.8,"megalopae","SKG, CC"
"920",2019-04-22,"COR",3.7,7.2,8.7,"megalopae","SKG, CC"
"921",2019-04-22,"COR",3.7,7.3,9,"megalopae","SKG, CC"
"922",2019-04-22,"COR",3.7,7.5,9,"megalopae","SKG, CC"
"923",2019-04-22,"COR",3.8,6.9,9,"megalopae","SKG, CC"
"924",2019-04-22,"COR",3.8,7.5,9.1,"megalopae","SKG, CC"
"925",2019-04-22,"COR",3.8,7.7,9.1,"megalopae","SKG, CC"
"926",2019-04-25,"COR",3.3,6.6,8.2,"megalopae","SKG, CC"
"927",2019-04-25,"COR",3.4,6.2,7.9,"megalopae","SKG, CC"
"928",2019-04-25,"COR",3.4,6.4,8.2,"megalopae","SKG, CC"
"929",2019-04-25,"COR",3.5,6.8,9,"megalopae","SKG, CC"
"930",2019-04-25,"COR",3.5,6.9,8.7,"megalopae","SKG, CC"
"931",2019-04-25,"COR",3.5,6.9,8.9,"megalopae","SKG, CC"
"932",2019-04-25,"COR",3.5,7.2,9,"megalopae","SKG, CC"
"933",2019-04-25,"COR",3.6,6.9,8.7,"megalopae","SKG, CC"
"934",2019-04-25,"COR",3.6,7,8.7,"megalopae","SKG, CC"
"935",2019-04-25,"COR",3.6,7,9,"megalopae","SKG, CC"
"936",2019-04-25,"COR",3.7,7,9.4,"megalopae","SKG, CC"
"937",2019-04-29,"COR",3.2,6.2,8.4,"megalopae","SKG, CC"
"938",2019-04-29,"COR",3.2,6.6,8.3,"megalopae","SKG, CC"
"939",2019-04-29,"COR",3.2,6.6,8.5,"megalopae","SKG, CC"
"940",2019-04-29,"COR",3.3,6.5,8,"megalopae","SKG, CC"
"941",2019-04-29,"COR",3.3,6.6,8.2,"megalopae","SKG, CC"
"942",2019-04-29,"COR",3.3,6.6,8.7,"megalopae","SKG, CC"
"943",2019-04-29,"COR",3.3,6.7,8.4,"megalopae","SKG, CC"
"944",2019-04-29,"COR",3.4,6.4,8.1,"megalopae","SKG, CC"
"945",2019-04-29,"COR",3.4,6.4,8.2,"megalopae","SKG, CC"
"946",2019-04-29,"COR",3.4,6.7,8.5,"megalopae","SKG, CC"
"947",2019-04-29,"COR",3.4,6.9,8.6,"megalopae","SKG, CC"
"948",2019-04-29,"COR",3.4,7,8.6,"megalopae","SKG, CC"
"949",2019-04-29,"COR",3.5,6.8,8.6,"megalopae","SKG, CC"
"950",2019-04-29,"COR",3.5,6.9,8.3,"megalopae","SKG, CC"
"951",2019-04-29,"COR",3.5,6.9,8.5,"megalopae","SKG, CC"
"952",2019-04-29,"COR",3.5,6.9,8.8,"megalopae","SKG, CC"
"953",2019-04-29,"COR",3.5,7.1,9,"megalopae","SKG, CC"
"954",2019-04-29,"COR",3.6,6.9,8.6,"megalopae","SKG, CC"
"955",2019-04-29,"COR",3.6,6.9,8.7,"megalopae","SKG, CC"
"956",2019-04-29,"COR",3.6,7,8.6,"megalopae","SKG, CC"
"957",2019-04-29,"COR",3.6,7,8.8,"megalopae","SKG, CC"
"958",2019-04-29,"COR",3.6,7,8.9,"megalopae","SKG, CC"
"959",2019-04-29,"COR",3.6,7,9.1,"megalopae","SKG, CC"
"960",2019-04-29,"COR",3.6,7.2,8.8,"megalopae","SKG, CC"
"961",2019-04-29,"COR",3.6,7.2,9,"megalopae","SKG, CC"
"962",2019-04-29,"COR",3.6,7.3,9,"megalopae","SKG, CC"
"963",2019-04-29,"COR",3.8,7,8.4,"megalopae","SKG, CC"
"964",2019-04-29,"COR",3.8,7.3,9.3,"megalopae","SKG, CC"
"965",2019-04-29,"COR",4,8.1,9.8,"megalopae","SKG, CC"
"966",2019-05-08,"COR",2.8,6.7,8,"megalopae","SKG, CC"
"967",2019-05-08,"COR",2.8,6.8,7.5,"megalopae","SKG, CC"
"968",2019-05-08,"COR",2.9,6.8,8.5,"megalopae","SKG, CC"
"969",2019-05-08,"COR",2.9,6.9,8.4,"megalopae","SKG, CC"
"970",2019-05-08,"COR",3,6.4,8.4,"megalopae","SKG, CC"
"971",2019-05-08,"COR",3,6.5,8.1,"megalopae","SKG, CC"
"972",2019-05-08,"COR",3,7.2,9,"megalopae","SKG, CC"
"973",2019-05-08,"COR",3.1,6.5,8,"megalopae","SKG, CC"
"974",2019-05-08,"COR",3.1,6.8,8.6,"megalopae","SKG, CC"
"975",2019-05-08,"COR",3.2,6.2,8.2,"megalopae","SKG, CC"
"976",2019-05-08,"COR",3.2,6.5,8.2,"megalopae","SKG, CC"
"977",2019-05-08,"COR",3.2,6.5,8.5,"megalopae","SKG, CC"
"978",2019-05-08,"COR",3.2,6.7,8.2,"megalopae","SKG, CC"
"979",2019-05-08,"COR",3.2,6.8,8.5,"megalopae","SKG, CC"
"980",2019-05-08,"COR",3.2,6.9,8.7,"megalopae","SKG, CC"
"981",2019-05-08,"COR",3.2,6.9,8.8,"megalopae","SKG, CC"
"982",2019-05-08,"COR",3.2,7,8.1,"megalopae","SKG, CC"
"983",2019-05-08,"COR",3.2,7,8.4,"megalopae","SKG, CC"
"984",2019-05-08,"COR",3.3,6.6,8.5,"megalopae","SKG, CC"
"985",2019-05-08,"COR",3.3,6.8,8.4,"megalopae","SKG, CC"
"986",2019-05-08,"COR",3.3,6.9,8.8,"megalopae","SKG, CC"
"987",2019-05-08,"COR",3.3,7,8.8,"megalopae","SKG, CC"
"988",2019-05-08,"COR",3.3,7.2,8.6,"megalopae","SKG, CC"
"989",2019-05-08,"COR",3.3,7.3,8.9,"megalopae","SKG, CC"
"990",2019-05-08,"COR",3.4,6.3,8.1,"megalopae","SKG, CC"
"991",2019-05-08,"COR",3.4,6.9,8.3,"megalopae","SKG, CC"
"992",2019-05-08,"COR",3.4,7,9,"megalopae","SKG, CC"
"993",2019-05-08,"COR",3.5,6.8,8.5,"megalopae","SKG, CC"
"994",2019-05-08,"COR",3.5,7.6,9.2,"megalopae","SKG, CC"
"995",2019-05-15,"COR",2.8,7,8.2,"megalopae","SKG, CC"
"996",2019-05-15,"COR",2.9,6,7.4,"megalopae","SKG, CC"
"997",2019-05-15,"COR",2.9,6.3,8.3,"megalopae","SKG, CC"
"998",2019-05-15,"COR",2.9,6.3,8.5,"megalopae","SKG, CC"
"999",2019-05-15,"COR",2.9,6.5,8.3,"megalopae","SKG, CC"
"1000",2019-05-15,"COR",2.9,6.6,8.2,"megalopae","SKG, CC"
"1001",2019-05-15,"COR",2.9,6.9,8.4,"megalopae","SKG, CC"
"1002",2019-05-15,"COR",3,6.4,8.3,"megalopae","SKG, CC"
"1003",2019-05-15,"COR",3,6.5,8.6,"megalopae","SKG, CC"
"1004",2019-05-15,"COR",3,6.6,8.5,"megalopae","SKG, CC"
"1005",2019-05-15,"COR",3,6.7,8,"megalopae","SKG, CC"
"1006",2019-05-15,"COR",3,6.8,8.2,"megalopae","SKG, CC"
"1007",2019-05-15,"COR",3,6.8,8.6,"megalopae","SKG, CC"
"1008",2019-05-15,"COR",3.1,6.5,8.4,"megalopae","SKG, CC"
"1009",2019-05-15,"COR",3.1,6.6,8.5,"megalopae","SKG, CC"
"1010",2019-05-15,"COR",3.1,6.7,8,"megalopae","SKG, CC"
"1011",2019-05-15,"COR",3.1,6.9,8.7,"megalopae","SKG, CC"
"1012",2019-05-15,"COR",3.1,7,8.6,"megalopae","SKG, CC"
"1013",2019-05-15,"COR",3.1,7.1,8.6,"megalopae","SKG, CC"
"1014",2019-05-15,"COR",3.1,7.2,8.3,"megalopae","SKG, CC"
"1015",2019-05-15,"COR",3.2,6.3,7.9,"megalopae","SKG, CC"
"1016",2019-05-15,"COR",3.2,6.3,8.6,"megalopae","SKG, CC"
"1017",2019-05-15,"COR",3.2,6.5,8.1,"megalopae","SKG, CC"
"1018",2019-05-15,"COR",3.2,6.7,8.6,"megalopae","SKG, CC"
"1019",2019-05-15,"COR",3.2,6.8,8,"megalopae","SKG, CC"
"1020",2019-05-15,"COR",3.2,6.8,8.3,"megalopae","SKG, CC"
"1021",2019-05-15,"COR",3.2,7.3,8.1,"megalopae","SKG, CC"
"1022",2019-05-15,"COR",3.3,6.6,8.3,"megalopae","SKG, CC"
"1023",2019-05-15,"COR",3.3,6.9,8.7,"megalopae","SKG, CC"
"1024",2019-05-15,"COR",3.3,7.1,8.4,"megalopae","SKG, CC"
"1025",2019-05-21,"COR",2.6,5.6,7.3,"megalopae","SKG, CC"
"1026",2019-05-21,"COR",2.7,6.1,NA,"megalopae","SKG, CC"
"1027",2019-05-21,"COR",2.8,6.1,7.4,"megalopae","SKG, CC"
"1028",2019-05-21,"COR",2.8,6.5,8.1,"megalopae","SKG, CC"
"1029",2019-05-21,"COR",2.9,6.6,8.3,"megalopae","SKG, CC"
"1030",2019-05-21,"COR",3,6.8,8.2,"megalopae","SKG, CC"
"1031",2019-05-21,"COR",3.1,6.8,8.4,"megalopae","SKG, CC"
"1032",2019-05-21,"COR",3.3,7,8.8,"megalopae","SKG, CC"
"1033",2019-05-23,"COR",2.5,5.7,7.2,"megalopae","SKG, CC"
"1034",2019-05-23,"COR",2.5,5.7,7.3,"megalopae","SKG, CC"
"1035",2019-05-23,"COR",2.6,6,7.7,"megalopae","SKG, CC"
"1036",2019-05-23,"COR",2.7,6,7.7,"megalopae","SKG, CC"
"1037",2019-05-23,"COR",2.9,6.2,7.8,"megalopae","SKG, CC"
"1038",2019-05-23,"COR",3,6.6,8.6,"megalopae","SKG, CC"
"1039",2019-05-23,"COR",3.1,6.8,8.5,"megalopae","SKG, CC"
"1040",2019-05-27,"COR",2.4,5.8,7.2,"megalopae","SKG, CC"
"1041",2019-05-27,"COR",2.5,5.4,7,"megalopae","SKG, CC"
"1042",2019-05-27,"COR",2.5,5.6,7.2,"megalopae","SKG, CC"
"1043",2019-05-27,"COR",2.6,5.7,7.6,"megalopae","SKG, CC"
"1044",2019-05-27,"COR",2.8,6.2,7.5,"megalopae","SKG, CC"
"1045",2019-05-27,"COR",2.8,6.2,7.7,"megalopae","SKG, CC"
"1046",2019-05-27,"COR",2.8,7.5,8.6,"megalopae","SKG, CC"
"1047",2019-05-27,"COR",2.9,6.4,8,"megalopae","SKG, CC"
"1048",2019-05-27,"COR",2.9,6.4,8.2,"megalopae","SKG, CC"
"1049",2019-05-27,"COR",2.9,7.2,8.4,"megalopae","SKG, CC"
"1050",2019-05-27,"COR",3,6.4,8.3,"megalopae","SKG, CC"
"1051",2019-05-27,"COR",3,6.8,8.6,"megalopae","SKG, CC"
"1052",2019-05-27,"COR",3,7,8.9,"megalopae","SKG, CC"
"1053",2019-05-27,"COR",3,7.3,8.3,"megalopae","SKG, CC"
"1054",2019-05-27,"COR",3.1,5.9,8.1,"megalopae","SKG, CC"
"1055",2019-05-27,"COR",3.1,6.5,7.9,"megalopae","SKG, CC"
"1056",2019-05-27,"COR",3.1,6.7,8.2,"megalopae","SKG, CC"
"1057",2019-05-27,"COR",3.1,6.7,8.3,"megalopae","SKG, CC"
"1058",2019-05-27,"COR",3.1,6.9,9,"megalopae","SKG, CC"
"1059",2019-05-27,"COR",3.2,6.3,8.1,"megalopae","SKG, CC"
"1060",2019-05-27,"COR",3.2,6.4,8.3,"megalopae","SKG, CC"
"1061",2019-05-27,"COR",3.2,6.6,8.4,"megalopae","SKG, CC"
"1062",2019-05-27,"COR",3.2,6.7,8.5,"megalopae","SKG, CC"
"1063",2019-05-27,"COR",3.2,7.5,8.7,"megalopae","SKG, CC"
"1064",2019-05-27,"COR",3.3,6.9,8.5,"megalopae","SKG, CC"
"1065",2019-05-27,"COR",3.4,6.6,8.3,"megalopae","SKG, CC"
"1066",2019-05-27,"COR",3.4,6.9,8.7,"megalopae","SKG, CC"
"1067",2019-05-27,"COR",3.5,7,8.5,"megalopae","SKG, CC"
"1068",2019-05-27,"COR",3.5,7,9,"megalopae","SKG, CC"
"1069",2019-06-03,"COR",2.7,6,7.4,"megalopae","SKG, CC"
"1070",2019-06-03,"COR",2.7,6.1,7.8,"megalopae","SKG, CC"
"1071",2019-06-03,"COR",2.7,6.2,8.2,"megalopae","SKG, CC"
"1072",2019-06-03,"COR",2.8,6.2,7,"megalopae","SKG, CC"
"1073",2019-06-03,"COR",2.8,6.5,7.2,"megalopae","SKG, CC"
"1074",2019-06-03,"COR",2.8,6.5,7.8,"megalopae","SKG, CC"
"1075",2019-06-03,"COR",2.8,6.6,8.2,"megalopae","SKG, CC"
"1076",2019-06-03,"COR",2.8,6.6,8.3,"megalopae","SKG, CC"
"1077",2019-06-03,"COR",2.9,6,7.5,"megalopae","SKG, CC"
"1078",2019-06-03,"COR",2.9,6,7.7,"megalopae","SKG, CC"
"1079",2019-06-03,"COR",2.9,6.1,7.6,"megalopae","SKG, CC"
"1080",2019-06-03,"COR",2.9,6.1,8,"megalopae","SKG, CC"
"1081",2019-06-03,"COR",2.9,6.2,8.1,"megalopae","SKG, CC"
"1082",2019-06-03,"COR",2.9,6.6,8,"megalopae","SKG, CC"
"1083",2019-06-03,"COR",3,6.2,7.5,"megalopae","SKG, CC"
"1084",2019-06-03,"COR",3,6.4,8.2,"megalopae","SKG, CC"
"1085",2019-06-03,"COR",3,6.5,7.5,"megalopae","SKG, CC"
"1086",2019-06-03,"COR",3,6.5,8.1,"megalopae","SKG, CC"
"1087",2019-06-03,"COR",3.1,6,7.6,"megalopae","SKG, CC"
"1088",2019-06-03,"COR",3.1,6.6,8.3,"megalopae","SKG, CC"
"1089",2019-06-03,"COR",3.2,6.2,7,"megalopae","SKG, CC"
"1090",2019-06-03,"COR",3.2,6.6,8.4,"megalopae","SKG, CC"
"1091",2019-06-03,"COR",3.2,6.7,8.4,"megalopae","SKG, CC"
"1092",2019-06-03,"COR",3.2,6.7,8.5,"megalopae","SKG, CC"
"1093",2019-06-03,"COR",3.2,6.7,8.6,"megalopae","SKG, CC"
"1094",2019-06-03,"COR",3.2,6.8,8.7,"megalopae","SKG, CC"
"1095",2019-06-03,"COR",3.2,6.9,8.8,"megalopae","SKG, CC"
"1096",2019-06-03,"COR",3.2,7,9,"megalopae","SKG, CC"
"1097",2019-06-03,"COR",3.4,7,8.1,"megalopae","SKG, CC"
"1098",2019-06-10,"COR",2.3,5.4,6.8,"megalopae","SKG, CC"
"1099",2019-06-10,"COR",2.4,5.3,6.9,"megalopae","SKG, CC"
"1100",2019-06-10,"COR",2.5,5.3,6.2,"megalopae","SKG, CC"
"1101",2019-06-10,"COR",2.5,5.5,7.6,"megalopae","SKG, CC"
"1102",2019-06-10,"COR",2.5,5.6,7.1,"megalopae","SKG, CC"
"1103",2019-06-10,"COR",2.5,5.9,7.2,"megalopae","SKG, CC"
"1104",2019-06-10,"COR",2.5,6.2,7.4,"megalopae","SKG, CC"
"1105",2019-06-10,"COR",2.5,6.4,7.3,"megalopae","SKG, CC"
"1106",2019-06-10,"COR",2.6,5.2,7,"megalopae","SKG, CC"
"1107",2019-06-10,"COR",2.6,5.4,7.2,"megalopae","SKG, CC"
"1108",2019-06-10,"COR",2.6,5.6,6.4,"megalopae","SKG, CC"
"1109",2019-06-10,"COR",2.6,5.6,7.2,"megalopae","SKG, CC"
"1110",2019-06-10,"COR",2.6,5.8,6.8,"megalopae","SKG, CC"
"1111",2019-06-10,"COR",2.6,6.1,7.4,"megalopae","SKG, CC"
"1112",2019-06-10,"COR",2.6,6.5,7.6,"megalopae","SKG, CC"
"1113",2019-06-10,"COR",2.7,5.3,6.9,"megalopae","SKG, CC"
"1114",2019-06-10,"COR",2.7,5.7,7.2,"megalopae","SKG, CC"
"1115",2019-06-10,"COR",2.7,6.2,7.7,"megalopae","SKG, CC"
"1116",2019-06-10,"COR",2.8,6,7.1,"megalopae","SKG, CC"
"1117",2019-06-10,"COR",2.8,6.2,7.7,"megalopae","SKG, CC"
"1118",2019-06-10,"COR",2.8,6.9,8.3,"megalopae","SKG, CC"
"1119",2019-06-10,"COR",2.9,6,7.6,"megalopae","SKG, CC"
"1120",2019-06-10,"COR",2.9,6.8,7.8,"megalopae","SKG, CC"
"1121",2019-06-10,"COR",2.9,7.3,8.3,"megalopae","SKG, CC"
"1122",2019-06-10,"COR",2.9,7.8,8.5,"megalopae","SKG, CC"
"1123",2019-06-10,"COR",3,6.1,7.6,"megalopae","SKG, CC"
"1124",2019-06-10,"COR",3,6.7,8.2,"megalopae","SKG, CC"
"1125",2019-06-10,"COR",3.1,6.5,8.2,"megalopae","SKG, CC"
"1126",2019-06-10,"COR",3.1,6.5,8.3,"megalopae","SKG, CC"
"1127",2019-06-10,"COR",3.1,6.8,7.9,"megalopae","SKG, CC"
"1128",2019-06-17,"COR",2.1,6,6.9,"megalopae","SKG, CC"
"1129",2019-06-17,"COR",2.2,5.7,7,"megalopae","SKG, CC"
"1130",2019-06-17,"COR",2.3,5.1,6.7,"megalopae","SKG, CC"
"1131",2019-06-17,"COR",2.3,5.3,6.7,"megalopae","SKG, CC"
"1132",2019-06-17,"COR",2.3,5.4,6.8,"megalopae","SKG, CC"
"1133",2019-06-17,"COR",2.4,5.2,7.2,"megalopae","SKG, CC"
"1134",2019-06-17,"COR",2.4,5.3,7.1,"megalopae","SKG, CC"
"1135",2019-06-17,"COR",2.4,5.4,6.9,"megalopae","SKG, CC"
"1136",2019-06-17,"COR",2.4,5.6,7.1,"megalopae","SKG, CC"
"1137",2019-06-17,"COR",2.4,5.7,7,"megalopae","SKG, CC"
"1138",2019-06-17,"COR",2.4,5.7,7.4,"megalopae","SKG, CC"
"1139",2019-06-17,"COR",2.5,5.3,7.1,"megalopae","SKG, CC"
"1140",2019-06-17,"COR",2.5,5.3,7.3,"megalopae","SKG, CC"
"1141",2019-06-17,"COR",2.5,5.5,6.9,"megalopae","SKG, CC"
"1142",2019-06-17,"COR",2.5,5.5,7,"megalopae","SKG, CC"
"1143",2019-06-17,"COR",2.5,5.5,7.1,"megalopae","SKG, CC"
"1144",2019-06-17,"COR",2.5,5.5,7.3,"megalopae","SKG, CC"
"1145",2019-06-17,"COR",2.5,5.6,7,"megalopae","SKG, CC"
"1146",2019-06-17,"COR",2.5,5.9,7.4,"megalopae","SKG, CC"
"1147",2019-06-17,"COR",2.5,6.1,7.3,"megalopae","SKG, CC"
"1148",2019-06-17,"COR",2.6,5.5,6.9,"megalopae","SKG, CC"
"1149",2019-06-17,"COR",2.6,5.6,7,"megalopae","SKG, CC"
"1150",2019-06-17,"COR",2.7,5.2,7,"megalopae","SKG, CC"
"1151",2019-06-17,"COR",2.7,5.5,7.2,"megalopae","SKG, CC"
"1152",2019-06-17,"COR",2.7,5.7,7.3,"megalopae","SKG, CC"
"1153",2019-06-17,"COR",2.7,5.7,7.4,"megalopae","SKG, CC"
"1154",2019-06-17,"COR",2.8,5.6,7.2,"megalopae","SKG, CC"
"1155",2019-06-17,"COR",2.8,5.7,7.4,"megalopae","SKG, CC"
"1156",2019-06-17,"COR",2.8,5.9,7.2,"megalopae","SKG, CC"
"1157",2019-06-24,"COR",2.1,5.2,6.3,"megalopae","SKG, CC"
"1158",2019-06-24,"COR",2.2,4.8,6.2,"megalopae","SKG, CC"
"1159",2019-06-24,"COR",2.2,5.2,7,"megalopae","SKG, CC"
"1160",2019-06-24,"COR",2.3,5,6.5,"megalopae","SKG, CC"
"1161",2019-06-24,"COR",2.3,5.1,6.7,"megalopae","SKG, CC"
"1162",2019-06-24,"COR",2.3,5.1,6.9,"megalopae","SKG, CC"
"1163",2019-06-24,"COR",2.3,5.5,6.7,"megalopae","SKG, CC"
"1164",2019-06-24,"COR",2.4,4.9,6.5,"megalopae","SKG, CC"
"1165",2019-06-24,"COR",2.4,5,6.8,"megalopae","SKG, CC"
"1166",2019-06-24,"COR",2.4,5.4,7.2,"megalopae","SKG, CC"
"1167",2019-06-24,"COR",2.4,5.5,6.7,"megalopae","SKG, CC"
"1168",2019-06-24,"COR",2.4,5.6,6.8,"megalopae","SKG, CC"
"1169",2019-06-24,"COR",2.4,5.9,7.1,"megalopae","SKG, CC"
"1170",2019-06-24,"COR",2.5,5.2,6.8,"megalopae","SKG, CC"
"1171",2019-06-24,"COR",2.5,5.3,6.2,"megalopae","SKG, CC"
"1172",2019-06-24,"COR",2.5,5.3,7,"megalopae","SKG, CC"
"1173",2019-06-24,"COR",2.5,5.3,7.1,"megalopae","SKG, CC"
"1174",2019-06-24,"COR",2.5,5.4,7.2,"megalopae","SKG, CC"
"1175",2019-06-24,"COR",2.5,6,7.4,"megalopae","SKG, CC"
"1176",2019-06-24,"COR",2.5,6.3,7.3,"megalopae","SKG, CC"
"1177",2019-06-24,"COR",2.6,5.2,6.8,"megalopae","SKG, CC"
"1178",2019-06-24,"COR",2.6,5.3,6.8,"megalopae","SKG, CC"
"1179",2019-06-24,"COR",2.6,5.3,6.9,"megalopae","SKG, CC"
"1180",2019-06-24,"COR",2.6,5.4,6.8,"megalopae","SKG, CC"
"1181",2019-06-24,"COR",2.6,5.7,6.8,"megalopae","SKG, CC"
"1182",2019-06-24,"COR",2.6,5.9,7.9,"megalopae","SKG, CC"
"1183",2019-06-24,"COR",2.7,5.6,7.3,"megalopae","SKG, CC"
"1184",2019-06-24,"COR",2.7,5.7,6.8,"megalopae","SKG, CC"
"1185",2019-06-24,"COR",2.8,5.6,7.4,"megalopae","SKG, CC"
"1186",2019-06-24,"COR",2.8,5.9,7.6,"megalopae","SKG, CC"
"1187",2019-07-02,"COR",1.9,4.8,6.3,"megalopae","SKG, CC"
"1188",2019-07-02,"COR",1.9,5.3,6.5,"megalopae","SKG, CC"
"1189",2019-07-02,"COR",2,5,6.7,"megalopae","SKG, CC"
"1190",2019-07-02,"COR",2,5.4,6.6,"megalopae","SKG, CC"
"1191",2019-07-02,"COR",2.1,5,6.4,"megalopae","SKG, CC"
"1192",2019-07-02,"COR",2.1,5.3,6.5,"megalopae","SKG, CC"
"1193",2019-07-02,"COR",2.1,5.3,6.7,"megalopae","SKG, CC"
"1194",2019-07-02,"COR",2.1,5.4,6.6,"megalopae","SKG, CC"
"1195",2019-07-02,"COR",2.2,4.6,6.4,"megalopae","SKG, CC"
"1196",2019-07-02,"COR",2.2,4.9,6.6,"megalopae","SKG, CC"
"1197",2019-07-02,"COR",2.2,5,6.6,"megalopae","SKG, CC"
"1198",2019-07-02,"COR",2.2,5,6.9,"megalopae","SKG, CC"
"1199",2019-07-02,"COR",2.2,5.2,6.6,"megalopae","SKG, CC"
"1200",2019-07-02,"COR",2.2,5.2,6.7,"megalopae","SKG, CC"
"1201",2019-07-02,"COR",2.2,5.2,6.8,"megalopae","SKG, CC"
"1202",2019-07-02,"COR",2.2,5.3,7,"megalopae","SKG, CC"
"1203",2019-07-02,"COR",2.2,5.3,7.2,"megalopae","SKG, CC"
"1204",2019-07-02,"COR",2.3,5,6.2,"megalopae","SKG, CC"
"1205",2019-07-02,"COR",2.3,5,6.5,"megalopae","SKG, CC"
"1206",2019-07-02,"COR",2.3,5.2,6.8,"megalopae","SKG, CC"
"1207",2019-07-02,"COR",2.3,5.3,6,"megalopae","SKG, CC"
"1208",2019-07-02,"COR",2.3,5.3,6.8,"megalopae","SKG, CC"
"1209",2019-07-02,"COR",2.3,5.6,6.8,"megalopae","SKG, CC"
"1210",2019-07-02,"COR",2.4,5.2,6.6,"megalopae","SKG, CC"
"1211",2019-07-02,"COR",2.4,5.4,6.8,"megalopae","SKG, CC"
"1212",2019-07-02,"COR",2.4,5.6,7.2,"megalopae","SKG, CC"
"1213",2019-07-02,"COR",2.4,5.8,7,"megalopae","SKG, CC"
"1214",2019-07-02,"COR",2.4,5.9,7.5,"megalopae","SKG, CC"
"1215",2019-07-02,"COR",3,5.8,7.2,"megalopae","SKG, CC"
"1216",2019-07-09,"COR",2.1,4.7,6.2,"megalopae","SKG, CC"
"1217",2019-07-09,"COR",2.1,4.9,6.4,"megalopae","SKG, CC"
"1218",2019-07-09,"COR",2.1,5.2,6.6,"megalopae","SKG, CC"
"1219",2019-07-09,"COR",2.1,5.2,6.7,"megalopae","SKG, CC"
"1220",2019-07-09,"COR",2.2,4.8,6.2,"megalopae","SKG, CC"
"1221",2019-07-09,"COR",2.2,5.1,6.4,"megalopae","SKG, CC"
"1222",2019-07-09,"COR",2.2,5.7,7,"megalopae","SKG, CC"
"1223",2019-07-09,"COR",2.2,5.7,7.2,"megalopae","SKG, CC"
"1224",2019-07-09,"COR",2.3,4.9,6.3,"megalopae","SKG, CC"
"1225",2019-07-09,"COR",2.3,5,6.2,"megalopae","SKG, CC"
"1226",2019-07-09,"COR",2.3,5,6.9,"megalopae","SKG, CC"
"1227",2019-07-09,"COR",2.3,5.1,6.5,"megalopae","SKG, CC"
"1228",2019-07-09,"COR",2.3,5.3,6.5,"megalopae","SKG, CC"
"1229",2019-07-09,"COR",2.3,5.4,7,"megalopae","SKG, CC"
"1230",2019-07-09,"COR",2.3,5.8,6.8,"megalopae","SKG, CC"
"1231",2019-07-09,"COR",2.4,4.6,6.5,"megalopae","SKG, CC"
"1232",2019-07-09,"COR",2.4,4.9,6.5,"megalopae","SKG, CC"
"1233",2019-07-09,"COR",2.4,5,6.7,"megalopae","SKG, CC"
"1234",2019-07-09,"COR",2.4,5.1,6.3,"megalopae","SKG, CC"
"1235",2019-07-09,"COR",2.4,5.1,6.6,"megalopae","SKG, CC"
"1236",2019-07-09,"COR",2.4,5.2,6.2,"megalopae","SKG, CC"
"1237",2019-07-09,"COR",2.4,5.2,6.4,"megalopae","SKG, CC"
"1238",2019-07-09,"COR",2.4,5.2,6.7,"megalopae","SKG, CC"
"1239",2019-07-09,"COR",2.5,5.2,6.6,"megalopae","SKG, CC"
"1240",2019-07-09,"COR",2.5,5.3,6.5,"megalopae","SKG, CC"
"1241",2019-07-09,"COR",2.5,5.3,6.8,"megalopae","SKG, CC"
"1242",2019-07-09,"COR",2.5,5.5,7,"megalopae","SKG, CC"
"1243",2019-07-09,"COR",2.5,5.6,7.4,"megalopae","SKG, CC"
"1244",2019-07-09,"COR",2.6,5.4,6.9,"megalopae","SKG, CC"
"1245",2019-07-09,"COR",2.6,5.4,7,"megalopae","SKG, CC"
"1246",2019-07-15,"COR",2,4.5,6,"megalopae","SKG, CC"
"1247",2019-07-15,"COR",2,5.1,6.5,"megalopae","SKG, CC"
"1248",2019-07-15,"COR",2.1,4.9,6.1,"megalopae","SKG, CC"
"1249",2019-07-15,"COR",2.1,5.3,6.8,"megalopae","SKG, CC"
"1250",2019-07-15,"COR",2.2,5,6.4,"megalopae","SKG, CC"
"1251",2019-07-15,"COR",2.2,5.3,6.8,"megalopae","SKG, CC"
"1252",2019-07-15,"COR",2.2,5.4,6.8,"megalopae","SKG, CC"
"1253",2019-07-15,"COR",2.2,5.4,7,"megalopae","SKG, CC"
"1254",2019-07-15,"COR",2.3,4.8,6.6,"megalopae","SKG, CC"
"1255",2019-07-15,"COR",2.3,4.9,6.4,"megalopae","SKG, CC"
"1256",2019-07-15,"COR",2.3,5,6.3,"megalopae","SKG, CC"
"1257",2019-07-15,"COR",2.3,5,6.8,"megalopae","SKG, CC"
"1258",2019-07-15,"COR",2.3,5.2,6.8,"megalopae","SKG, CC"
"1259",2019-07-15,"COR",2.3,5.4,6.8,"megalopae","SKG, CC"
"1260",2019-07-15,"COR",2.3,5.4,6.9,"megalopae","SKG, CC"
"1261",2019-07-15,"COR",2.3,5.4,7.1,"megalopae","SKG, CC"
"1262",2019-07-15,"COR",2.3,5.5,7,"megalopae","SKG, CC"
"1263",2019-07-15,"COR",2.3,5.6,7,"megalopae","SKG, CC"
"1264",2019-07-15,"COR",2.3,5.9,6.8,"megalopae","SKG, CC"
"1265",2019-07-15,"COR",2.4,5.2,6.8,"megalopae","SKG, CC"
"1266",2019-07-15,"COR",2.4,5.4,6.9,"megalopae","SKG, CC"
"1267",2019-07-15,"COR",2.4,5.6,6.6,"megalopae","SKG, CC"
"1268",2019-07-15,"COR",2.4,5.6,7,"megalopae","SKG, CC"
"1269",2019-07-15,"COR",2.5,5.4,6.6,"megalopae","SKG, CC"
"1270",2019-07-15,"COR",2.5,5.5,6.5,"megalopae","SKG, CC"
"1271",2019-07-15,"COR",2.5,5.5,6.6,"megalopae","SKG, CC"
"1272",2019-07-15,"COR",2.5,5.6,6.5,"megalopae","SKG, CC"
"1273",2019-07-15,"COR",2.5,5.6,6.8,"megalopae","SKG, CC"
"1274",2019-07-15,"COR",2.5,5.6,7.2,"megalopae","SKG, CC"
"1275",2019-07-15,"COR",2.5,5.7,7.1,"megalopae","SKG, CC"
"1276",2019-07-22,"COR",1.9,4.3,6.5,"megalopae","SKG, CC"
"1277",2019-07-22,"COR",2,5.3,6.2,"megalopae","SKG, CC"
"1278",2019-07-22,"COR",2,5.3,6.8,"megalopae","SKG, CC"
"1279",2019-07-22,"COR",2.1,2.8,6.5,"megalopae","SKG, CC"
"1280",2019-07-22,"COR",2.1,4.9,6,"megalopae","SKG, CC"
"1281",2019-07-22,"COR",2.1,4.9,6.5,"megalopae","SKG, CC"
"1282",2019-07-22,"COR",2.1,5,6.5,"megalopae","SKG, CC"
"1283",2019-07-22,"COR",2.1,5.3,6.4,"megalopae","SKG, CC"
"1284",2019-07-22,"COR",2.1,5.3,6.7,"megalopae","SKG, CC"
"1285",2019-07-22,"COR",2.1,5.4,6.7,"megalopae","SKG, CC"
"1286",2019-07-22,"COR",2.1,5.4,6.8,"megalopae","SKG, CC"
"1287",2019-07-22,"COR",2.3,5,6.7,"megalopae","SKG, CC"
"1288",2019-07-22,"COR",2.3,5.1,6.7,"megalopae","SKG, CC"
"1289",2019-07-22,"COR",2.3,5.2,7.1,"megalopae","SKG, CC"
"1290",2019-07-22,"COR",2.3,5.3,7,"megalopae","SKG, CC"
"1291",2019-07-22,"COR",2.3,5.6,6.5,"megalopae","SKG, CC"
"1292",2019-07-22,"COR",2.4,4.8,6.4,"megalopae","SKG, CC"
"1293",2019-07-22,"COR",2.4,5.1,6.3,"megalopae","SKG, CC"
"1294",2019-07-22,"COR",2.4,5.1,7,"megalopae","SKG, CC"
"1295",2019-07-22,"COR",2.4,5.2,6.3,"megalopae","SKG, CC"
"1296",2019-07-22,"COR",2.4,5.2,6.8,"megalopae","SKG, CC"
"1297",2019-07-22,"COR",2.4,5.3,6.7,"megalopae","SKG, CC"
"1298",2019-07-22,"COR",2.4,5.4,6.6,"megalopae","SKG, CC"
"1299",2019-07-22,"COR",2.4,6.5,7.3,"megalopae","SKG, CC"
"1300",2019-07-22,"COR",2.5,5.3,7,"megalopae","SKG, CC"
"1301",2019-07-22,"COR",2.5,5.5,6.6,"megalopae","SKG, CC"
"1302",2019-07-22,"COR",2.5,6.3,7.5,"megalopae","SKG, CC"
"1303",2019-07-22,"COR",2.6,5.7,7.4,"megalopae","SKG, CC"
"1304",2019-07-30,"COR",2,4.6,6.1,"megalopae","SKG, CC"
"1305",2019-07-30,"COR",2.4,5,6.6,"megalopae","SKG, CC"
"1306",2019-07-30,"COR",2.6,5.4,7.2,"megalopae","SKG, CC"
"1307",2019-08-05,"COR",2.1,4.8,6.3,"megalopae","SKG, CC"
"1308",2019-08-05,"COR",2.2,5.6,6.8,"megalopae","SKG, CC"
"1309",2019-06-13,"OAK",2.6,5.9,7.9,"megalopae","SKG, CC"
"1310",2019-06-17,"OAK",2.4,5.4,6.7,"megalopae","SKG, CC"
"1311",2019-06-17,"OAK",2.4,5.4,6.8,"megalopae","SKG, CC"
"1312",2019-06-17,"OAK",2.5,5.4,7.1,"megalopae","SKG, CC"
"1313",2019-06-25,"OAK",2.6,5.5,7.2,"megalopae","SKG, CC"
"1314",2019-06-25,"OAK",2.7,6,7.3,"megalopae","SKG, CC"
"1315",2019-04-15,"ROS",3.4,6.8,8.5,"megalopae","SKG, CC"
"1316",2019-04-15,"ROS",3.5,7.2,8.7,"megalopae","SKG, CC"
"1317",2019-04-15,"ROS",3.5,7.3,8.8,"megalopae","SKG, CC"
"1318",2019-04-22,"ROS",3.3,6.6,8,"megalopae","SKG, CC"
"1319",2019-04-22,"ROS",3.3,7.1,8.5,"megalopae","SKG, CC"
"1320",2019-04-22,"ROS",3.5,6.7,8.3,"megalopae","SKG, CC"
"1321",2019-04-22,"ROS",3.5,7,9.2,"megalopae","SKG, CC"
"1322",2019-04-22,"ROS",3.7,6.7,8.3,"megalopae","SKG, CC"
"1323",2019-04-22,"ROS",3.7,7.2,8.9,"megalopae","SKG, CC"
"1324",2019-04-22,"ROS",3.8,7.1,9.1,"megalopae","SKG, CC"
"1325",2019-04-22,"ROS",3.9,7.2,9.1,"megalopae","SKG, CC"
"1326",2019-04-25,"ROS",3.3,6.7,8.2,"megalopae","SKG, CC"
"1327",2019-04-25,"ROS",3.3,7.1,8.6,"megalopae","SKG, CC"
"1328",2019-04-25,"ROS",3.3,7.1,8.7,"megalopae","SKG, CC"
"1329",2019-04-25,"ROS",3.4,6.5,8.2,"megalopae","SKG, CC"
"1330",2019-04-25,"ROS",3.4,6.9,8.8,"megalopae","SKG, CC"
"1331",2019-04-25,"ROS",3.4,7,8.9,"megalopae","SKG, CC"
"1332",2019-04-25,"ROS",3.4,7,9,"megalopae","SKG, CC"
"1333",2019-04-25,"ROS",3.5,7.1,8.8,"megalopae","SKG, CC"
"1334",2019-04-25,"ROS",3.6,7.1,9.2,"megalopae","SKG, CC"
"1335",2019-04-29,"ROS",2.9,6.2,8.2,"megalopae","SKG, CC"
"1336",2019-04-29,"ROS",3,6,7.6,"megalopae","SKG, CC"
"1337",2019-04-29,"ROS",3,7.1,8.9,"megalopae","SKG, CC"
"1338",2019-04-29,"ROS",3.1,6.5,8,"megalopae","SKG, CC"
"1339",2019-04-29,"ROS",3.1,6.5,8.8,"megalopae","SKG, CC"
"1340",2019-04-29,"ROS",3.2,6.9,8.7,"megalopae","SKG, CC"
"1341",2019-04-29,"ROS",3.3,6.3,8,"megalopae","SKG, CC"
"1342",2019-04-29,"ROS",3.3,6.4,7.5,"megalopae","SKG, CC"
"1343",2019-04-29,"ROS",3.3,6.5,9,"megalopae","SKG, CC"
"1344",2019-04-29,"ROS",3.3,6.6,8.5,"megalopae","SKG, CC"
"1345",2019-04-29,"ROS",3.3,6.9,8.5,"megalopae","SKG, CC"
"1346",2019-04-29,"ROS",3.3,6.9,8.7,"megalopae","SKG, CC"
"1347",2019-04-29,"ROS",3.3,7.1,8.2,"megalopae","SKG, CC"
"1348",2019-04-29,"ROS",3.3,7.1,8.5,"megalopae","SKG, CC"
"1349",2019-04-29,"ROS",3.4,6.2,8.4,"megalopae","SKG, CC"
"1350",2019-04-29,"ROS",3.4,6.5,8.1,"megalopae","SKG, CC"
"1351",2019-04-29,"ROS",3.4,7,8.5,"megalopae","SKG, CC"
"1352",2019-04-29,"ROS",3.4,7.2,8.7,"megalopae","SKG, CC"
"1353",2019-04-29,"ROS",3.4,7.4,9.1,"megalopae","SKG, CC"
"1354",2019-04-29,"ROS",3.5,5.5,7.8,"megalopae","SKG, CC"
"1355",2019-04-29,"ROS",3.5,7,8,"megalopae","SKG, CC"
"1356",2019-04-29,"ROS",3.5,7,8.9,"megalopae","SKG, CC"
"1357",2019-04-29,"ROS",3.5,7.3,8.5,"megalopae","SKG, CC"
"1358",2019-04-29,"ROS",3.5,7.5,9.2,"megalopae","SKG, CC"
"1359",2019-04-29,"ROS",3.5,7.8,8.5,"megalopae","SKG, CC"
"1360",2019-04-29,"ROS",3.6,7.2,9.2,"megalopae","SKG, CC"
"1361",2019-04-29,"ROS",3.7,7.4,9.3,"megalopae","SKG, CC"
"1362",2019-04-29,"ROS",3.7,7.9,9.3,"megalopae","SKG, CC"
"1363",2019-04-29,"ROS",4.1,6.2,7.6,"megalopae","SKG, CC"
"1364",2019-04-29,"ROS",4.5,7.7,8.6,"megalopae","SKG, CC"
"1365",2019-05-06,"ROS",2.7,6.5,7.5,"megalopae","SKG, CC"
"1366",2019-05-06,"ROS",2.7,6.5,7.9,"megalopae","SKG, CC"
"1367",2019-05-06,"ROS",2.8,6.5,8.3,"megalopae","SKG, CC"
"1368",2019-05-06,"ROS",3,6.7,8.4,"megalopae","SKG, CC"
"1369",2019-05-06,"ROS",3,6.8,8.2,"megalopae","SKG, CC"
"1370",2019-05-06,"ROS",3,7.5,8.3,"megalopae","SKG, CC"
"1371",2019-05-06,"ROS",3.1,6.3,8.1,"megalopae","SKG, CC"
"1372",2019-05-06,"ROS",3.1,6.4,8.2,"megalopae","SKG, CC"
"1373",2019-05-06,"ROS",3.2,6.2,7.8,"megalopae","SKG, CC"
"1374",2019-05-06,"ROS",3.2,6.4,8.1,"megalopae","SKG, CC"
"1375",2019-05-06,"ROS",3.2,7.4,8.3,"megalopae","SKG, CC"
"1376",2019-05-06,"ROS",3.3,6.2,7.6,"megalopae","SKG, CC"
"1377",2019-05-06,"ROS",3.3,6.8,8.5,"megalopae","SKG, CC"
"1378",2019-05-06,"ROS",3.3,6.8,8.7,"megalopae","SKG, CC"
"1379",2019-05-06,"ROS",3.3,6.9,8,"megalopae","SKG, CC"
"1380",2019-05-06,"ROS",3.3,7.7,8.7,"megalopae","SKG, CC"
"1381",2019-05-06,"ROS",3.4,6.4,8.1,"megalopae","SKG, CC"
"1382",2019-05-06,"ROS",3.4,6.5,8,"megalopae","SKG, CC"
"1383",2019-05-06,"ROS",3.4,6.6,8.4,"megalopae","SKG, CC"
"1384",2019-05-06,"ROS",3.4,7,8.4,"megalopae","SKG, CC"
"1385",2019-05-06,"ROS",3.4,7,8.5,"megalopae","SKG, CC"
"1386",2019-05-06,"ROS",3.4,7.6,8.8,"megalopae","SKG, CC"
"1387",2019-05-06,"ROS",3.5,6.7,8.6,"megalopae","SKG, CC"
"1388",2019-05-06,"ROS",3.5,6.8,8.5,"megalopae","SKG, CC"
"1389",2019-05-06,"ROS",3.5,7.2,8.8,"megalopae","SKG, CC"
"1390",2019-05-06,"ROS",3.6,7.2,8.7,"megalopae","SKG, CC"
"1391",2019-05-06,"ROS",3.6,7.5,8.8,"megalopae","SKG, CC"
"1392",2019-05-06,"ROS",3.6,7.5,9.4,"megalopae","SKG, CC"
"1393",2019-05-06,"ROS",3.7,7.1,8.5,"megalopae","SKG, CC"
"1394",2019-05-06,"ROS",3.8,6.8,8.6,"megalopae","SKG, CC"
"1395",2019-05-13,"ROS",2.6,5.7,7.6,"megalopae","SKG, CC"
"1396",2019-05-13,"ROS",2.7,6.4,7.3,"megalopae","SKG, CC"
"1397",2019-05-13,"ROS",2.9,6.4,8.1,"megalopae","SKG, CC"
"1398",2019-05-13,"ROS",2.9,6.5,8.2,"megalopae","SKG, CC"
"1399",2019-05-13,"ROS",2.9,6.7,7.9,"megalopae","SKG, CC"
"1400",2019-05-13,"ROS",3,6.5,8.1,"megalopae","SKG, CC"
"1401",2019-05-13,"ROS",3,6.5,8.3,"megalopae","SKG, CC"
"1402",2019-05-13,"ROS",3,6.7,8.3,"megalopae","SKG, CC"
"1403",2019-05-13,"ROS",3,6.9,8.5,"megalopae","SKG, CC"
"1404",2019-05-13,"ROS",3,7.1,8.7,"megalopae","SKG, CC"
"1405",2019-05-13,"ROS",3,7.2,8.7,"megalopae","SKG, CC"
"1406",2019-05-13,"ROS",3.1,6.2,8,"megalopae","SKG, CC"
"1407",2019-05-13,"ROS",3.1,6.4,8.1,"megalopae","SKG, CC"
"1408",2019-05-13,"ROS",3.1,6.7,8.2,"megalopae","SKG, CC"
"1409",2019-05-13,"ROS",3.1,6.9,8.4,"megalopae","SKG, CC"
"1410",2019-05-13,"ROS",3.1,7.2,8.6,"megalopae","SKG, CC"
"1411",2019-05-13,"ROS",3.2,6.6,8.5,"megalopae","SKG, CC"
"1412",2019-05-13,"ROS",3.2,6.9,8.5,"megalopae","SKG, CC"
"1413",2019-05-13,"ROS",3.2,7,8.6,"megalopae","SKG, CC"
"1414",2019-05-13,"ROS",3.3,6.8,8.3,"megalopae","SKG, CC"
"1415",2019-05-13,"ROS",3.3,6.8,8.4,"megalopae","SKG, CC"
"1416",2019-05-13,"ROS",3.3,6.9,8.4,"megalopae","SKG, CC"
"1417",2019-05-13,"ROS",3.3,7,8.7,"megalopae","SKG, CC"
"1418",2019-05-13,"ROS",3.4,6.4,8.1,"megalopae","SKG, CC"
"1419",2019-05-13,"ROS",3.4,6.6,7.9,"megalopae","SKG, CC"
"1420",2019-05-13,"ROS",3.4,6.9,8.6,"megalopae","SKG, CC"
"1421",2019-05-13,"ROS",3.4,7,8.8,"megalopae","SKG, CC"
"1422",2019-05-13,"ROS",3.5,7.3,8.9,"megalopae","SKG, CC"
"1423",2019-05-20,"ROS",2.9,6.9,8.5,"megalopae","SKG, CC"
"1424",2019-05-20,"ROS",2.9,7.1,8.4,"megalopae","SKG, CC"
"1425",2019-05-20,"ROS",2.9,7.3,NA,"megalopae","SKG, CC"
"1426",2019-05-21,"ROS",2.9,6.3,7.5,"megalopae","SKG, CC"
"1427",2019-05-21,"ROS",3,6.2,8,"megalopae","SKG, CC"
"1428",2019-05-21,"ROS",3.2,6.5,8.6,"megalopae","SKG, CC"
"1429",2019-05-21,"ROS",3.5,7.1,9,"megalopae","SKG, CC"
"1430",2019-05-23,"ROS",2.7,5.8,7.4,"megalopae","SKG, CC"
"1431",2019-05-23,"ROS",3,6.9,8.1,"megalopae","SKG, CC"
"1432",2019-05-23,"ROS",3.2,6.7,8.6,"megalopae","SKG, CC"
"1433",2019-05-27,"ROS",2.7,6.5,8.2,"megalopae","SKG, CC"
"1434",2019-05-27,"ROS",2.9,6.1,7.9,"megalopae","SKG, CC"
"1435",2019-05-27,"ROS",2.9,6.2,7.5,"megalopae","SKG, CC"
"1436",2019-05-27,"ROS",2.9,6.2,7.8,"megalopae","SKG, CC"
"1437",2019-05-27,"ROS",2.9,6.9,8.5,"megalopae","SKG, CC"
"1438",2019-05-27,"ROS",2.9,7,8.1,"megalopae","SKG, CC"
"1439",2019-05-27,"ROS",2.9,7.3,8.2,"megalopae","SKG, CC"
"1440",2019-05-27,"ROS",3,6.3,8,"megalopae","SKG, CC"
"1441",2019-05-27,"ROS",3,6.7,8.1,"megalopae","SKG, CC"
"1442",2019-05-27,"ROS",3,6.7,8.4,"megalopae","SKG, CC"
"1443",2019-05-27,"ROS",3,7.1,8.9,"megalopae","SKG, CC"
"1444",2019-05-27,"ROS",3,7.2,9.1,"megalopae","SKG, CC"
"1445",2019-05-27,"ROS",3.1,6.4,7.9,"megalopae","SKG, CC"
"1446",2019-05-27,"ROS",3.1,7,8,"megalopae","SKG, CC"
"1447",2019-05-27,"ROS",3.1,7,8.5,"megalopae","SKG, CC"
"1448",2019-05-27,"ROS",3.1,7,8.7,"megalopae","SKG, CC"
"1449",2019-05-27,"ROS",3.2,6.5,8.3,"megalopae","SKG, CC"
"1450",2019-05-27,"ROS",3.2,6.7,8.1,"megalopae","SKG, CC"
"1451",2019-05-27,"ROS",3.2,6.7,8.4,"megalopae","SKG, CC"
"1452",2019-05-27,"ROS",3.2,6.8,8.7,"megalopae","SKG, CC"
"1453",2019-05-27,"ROS",3.2,6.8,9,"megalopae","SKG, CC"
"1454",2019-05-27,"ROS",3.2,6.9,7.9,"megalopae","SKG, CC"
"1455",2019-05-27,"ROS",3.2,7.2,8.2,"megalopae","SKG, CC"
"1456",2019-05-27,"ROS",3.3,6.8,8.7,"megalopae","SKG, CC"
"1457",2019-05-27,"ROS",3.3,6.9,8.2,"megalopae","SKG, CC"
"1458",2019-05-27,"ROS",3.3,7.5,8.6,"megalopae","SKG, CC"
"1459",2019-05-27,"ROS",3.4,6.7,8.2,"megalopae","SKG, CC"
"1460",2019-05-27,"ROS",3.4,6.9,8.7,"megalopae","SKG, CC"
"1461",2019-05-27,"ROS",3.4,7.2,8.7,"megalopae","SKG, CC"
"1462",2019-05-27,"ROS",3.5,6.9,8.9,"megalopae","SKG, CC"
"1463",2019-06-03,"ROS",2.4,5.5,6.8,"megalopae","SKG, CC"
"1464",2019-06-03,"ROS",2.4,5.8,7.6,"megalopae","SKG, CC"
"1465",2019-06-03,"ROS",2.6,6.3,8.2,"megalopae","SKG, CC"
"1466",2019-06-03,"ROS",2.7,5.5,7.9,"megalopae","SKG, CC"
"1467",2019-06-03,"ROS",2.7,5.8,7.3,"megalopae","SKG, CC"
"1468",2019-06-03,"ROS",2.7,5.9,7.3,"megalopae","SKG, CC"
"1469",2019-06-03,"ROS",2.7,6.1,7.2,"megalopae","SKG, CC"
"1470",2019-06-03,"ROS",2.7,6.3,8.4,"megalopae","SKG, CC"
"1471",2019-06-03,"ROS",2.8,6,7.3,"megalopae","SKG, CC"
"1472",2019-06-03,"ROS",2.8,6.4,7.4,"megalopae","SKG, CC"
"1473",2019-06-03,"ROS",2.8,6.4,8.3,"megalopae","SKG, CC"
"1474",2019-06-03,"ROS",2.9,6,7.8,"megalopae","SKG, CC"
"1475",2019-06-03,"ROS",2.9,6.2,8.2,"megalopae","SKG, CC"
"1476",2019-06-03,"ROS",2.9,6.3,7.9,"megalopae","SKG, CC"
"1477",2019-06-03,"ROS",2.9,6.3,8.1,"megalopae","SKG, CC"
"1478",2019-06-03,"ROS",2.9,6.5,7.3,"megalopae","SKG, CC"
"1479",2019-06-03,"ROS",3,6.3,7.9,"megalopae","SKG, CC"
"1480",2019-06-03,"ROS",3,6.4,8.1,"megalopae","SKG, CC"
"1481",2019-06-03,"ROS",3,6.5,8.3,"megalopae","SKG, CC"
"1482",2019-06-03,"ROS",3,6.7,8.1,"megalopae","SKG, CC"
"1483",2019-06-03,"ROS",3,6.7,8.4,"megalopae","SKG, CC"
"1484",2019-06-03,"ROS",3.1,6.4,8.3,"megalopae","SKG, CC"
"1485",2019-06-03,"ROS",3.1,6.6,8.4,"megalopae","SKG, CC"
"1486",2019-06-03,"ROS",3.1,6.7,8.5,"megalopae","SKG, CC"
"1487",2019-06-03,"ROS",3.2,6,7.5,"megalopae","SKG, CC"
"1488",2019-06-03,"ROS",3.2,6.4,7.8,"megalopae","SKG, CC"
"1489",2019-06-03,"ROS",3.2,6.9,8.6,"megalopae","SKG, CC"
"1490",2019-06-03,"ROS",3.2,7,8.8,"megalopae","SKG, CC"
"1491",2019-06-03,"ROS",3.3,6.4,8.2,"megalopae","SKG, CC"
"1492",2019-06-03,"ROS",3.3,6.6,8.5,"megalopae","SKG, CC"
"1493",2019-06-10,"ROS",2.4,5.4,6.7,"megalopae","SKG, CC"
"1494",2019-06-10,"ROS",2.4,5.8,7.2,"megalopae","SKG, CC"
"1495",2019-06-10,"ROS",2.4,5.9,7.4,"megalopae","SKG, CC"
"1496",2019-06-10,"ROS",2.5,5.9,7.3,"megalopae","SKG, CC"
"1497",2019-06-10,"ROS",2.6,5.9,7.3,"megalopae","SKG, CC"
"1498",2019-06-10,"ROS",2.7,5.9,7.5,"megalopae","SKG, CC"
"1499",2019-06-10,"ROS",2.7,6.2,7.6,"megalopae","SKG, CC"
"1500",2019-06-10,"ROS",2.7,6.3,7.9,"megalopae","SKG, CC"
"1501",2019-06-10,"ROS",2.8,6.3,7.9,"megalopae","SKG, CC"
"1502",2019-06-10,"ROS",2.8,6.4,7.7,"megalopae","SKG, CC"
"1503",2019-06-10,"ROS",2.8,6.4,8,"megalopae","SKG, CC"
"1504",2019-06-10,"ROS",2.8,6.4,8.1,"megalopae","SKG, CC"
"1505",2019-06-10,"ROS",2.8,6.5,7.5,"megalopae","SKG, CC"
"1506",2019-06-10,"ROS",2.8,6.5,8.5,"megalopae","SKG, CC"
"1507",2019-06-10,"ROS",2.8,6.6,8.3,"megalopae","SKG, CC"
"1508",2019-06-10,"ROS",2.9,6,7.5,"megalopae","SKG, CC"
"1509",2019-06-10,"ROS",2.9,6.1,7.7,"megalopae","SKG, CC"
"1510",2019-06-10,"ROS",2.9,6.1,7.8,"megalopae","SKG, CC"
"1511",2019-06-10,"ROS",2.9,6.1,7.9,"megalopae","SKG, CC"
"1512",2019-06-10,"ROS",2.9,6.2,7.5,"megalopae","SKG, CC"
"1513",2019-06-10,"ROS",2.9,6.3,8.1,"megalopae","SKG, CC"
"1514",2019-06-10,"ROS",2.9,6.4,7.8,"megalopae","SKG, CC"
"1515",2019-06-10,"ROS",2.9,6.5,7.9,"megalopae","SKG, CC"
"1516",2019-06-10,"ROS",2.9,6.5,8,"megalopae","SKG, CC"
"1517",2019-06-10,"ROS",2.9,6.6,8.3,"megalopae","SKG, CC"
"1518",2019-06-10,"ROS",3,6.3,8.1,"megalopae","SKG, CC"
"1519",2019-06-10,"ROS",3,6.5,8.2,"megalopae","SKG, CC"
"1520",2019-06-10,"ROS",3,6.7,8.3,"megalopae","SKG, CC"
"1521",2019-06-17,"ROS",2.3,5,6.5,"megalopae","SKG, CC"
"1522",2019-06-17,"ROS",2.3,5.2,6.9,"megalopae","SKG, CC"
"1523",2019-06-17,"ROS",2.3,5.3,6.8,"megalopae","SKG, CC"
"1524",2019-06-17,"ROS",2.3,5.5,7,"megalopae","SKG, CC"
"1525",2019-06-17,"ROS",2.3,5.6,7.1,"megalopae","SKG, CC"
"1526",2019-06-17,"ROS",2.3,5.7,7.5,"megalopae","SKG, CC"
"1527",2019-06-17,"ROS",2.4,5.2,6.6,"megalopae","SKG, CC"
"1528",2019-06-17,"ROS",2.4,5.3,7,"megalopae","SKG, CC"
"1529",2019-06-17,"ROS",2.4,5.4,7.1,"megalopae","SKG, CC"
"1530",2019-06-17,"ROS",2.4,5.5,7,"megalopae","SKG, CC"
"1531",2019-06-17,"ROS",2.4,5.5,7.3,"megalopae","SKG, CC"
"1532",2019-06-17,"ROS",2.4,5.8,6.8,"megalopae","SKG, CC"
"1533",2019-06-17,"ROS",2.4,5.8,7,"megalopae","SKG, CC"
"1534",2019-06-17,"ROS",2.4,6,6.9,"megalopae","SKG, CC"
"1535",2019-06-17,"ROS",2.5,5.2,6.7,"megalopae","SKG, CC"
"1536",2019-06-17,"ROS",2.5,5.4,7,"megalopae","SKG, CC"
"1537",2019-06-17,"ROS",2.5,5.7,7.3,"megalopae","SKG, CC"
"1538",2019-06-17,"ROS",2.6,5.2,6.9,"megalopae","SKG, CC"
"1539",2019-06-17,"ROS",2.6,5.4,7,"megalopae","SKG, CC"
"1540",2019-06-17,"ROS",2.6,5.5,7.1,"megalopae","SKG, CC"
"1541",2019-06-17,"ROS",2.6,5.5,7.5,"megalopae","SKG, CC"
"1542",2019-06-17,"ROS",2.6,5.6,7.1,"megalopae","SKG, CC"
"1543",2019-06-17,"ROS",2.6,5.7,6.6,"megalopae","SKG, CC"
"1544",2019-06-17,"ROS",2.6,6,6.9,"megalopae","SKG, CC"
"1545",2019-06-17,"ROS",2.7,5.8,7,"megalopae","SKG, CC"
"1546",2019-06-17,"ROS",2.7,6,7.7,"megalopae","SKG, CC"
"1547",2019-06-17,"ROS",2.7,6.4,7.5,"megalopae","SKG, CC"
"1548",2019-06-17,"ROS",2.8,5.8,7.7,"megalopae","SKG, CC"
"1549",2019-06-17,"ROS",2.8,5.9,7.6,"megalopae","SKG, CC"
"1550",2019-06-17,"ROS",2.8,6.5,7.9,"megalopae","SKG, CC"
"1551",2019-06-24,"ROS",2.1,5.2,6.9,"megalopae","SKG, CC"
"1552",2019-06-24,"ROS",2.3,5.9,7.5,"megalopae","SKG, CC"
"1553",2019-06-24,"ROS",2.3,6,7.3,"megalopae","SKG, CC"
"1554",2019-06-24,"ROS",2.3,6.3,7,"megalopae","SKG, CC"
"1555",2019-06-24,"ROS",2.4,5.3,6.6,"megalopae","SKG, CC"
"1556",2019-06-24,"ROS",2.4,5.3,6.9,"megalopae","SKG, CC"
"1557",2019-06-24,"ROS",2.4,5.4,6.6,"megalopae","SKG, CC"
"1558",2019-06-24,"ROS",2.4,5.6,7,"megalopae","SKG, CC"
"1559",2019-06-24,"ROS",2.4,5.7,6.5,"megalopae","SKG, CC"
"1560",2019-06-24,"ROS",2.4,5.8,7.2,"megalopae","SKG, CC"
"1561",2019-06-24,"ROS",2.4,5.8,7.3,"megalopae","SKG, CC"
"1562",2019-06-24,"ROS",2.4,5.9,6.9,"megalopae","SKG, CC"
"1563",2019-06-24,"ROS",2.4,5.9,7.2,"megalopae","SKG, CC"
"1564",2019-06-24,"ROS",2.4,6,6.9,"megalopae","SKG, CC"
"1565",2019-06-24,"ROS",2.4,6,7.3,"megalopae","SKG, CC"
"1566",2019-06-24,"ROS",2.4,6.2,7.7,"megalopae","SKG, CC"
"1567",2019-06-24,"ROS",2.5,5.2,6.8,"megalopae","SKG, CC"
"1568",2019-06-24,"ROS",2.5,5.4,6.6,"megalopae","SKG, CC"
"1569",2019-06-24,"ROS",2.5,5.6,6.4,"megalopae","SKG, CC"
"1570",2019-06-24,"ROS",2.5,5.6,6.6,"megalopae","SKG, CC"
"1571",2019-06-24,"ROS",2.5,5.6,7.1,"megalopae","SKG, CC"
"1572",2019-06-24,"ROS",2.5,5.7,6.6,"megalopae","SKG, CC"
"1573",2019-06-24,"ROS",2.5,5.8,7.4,"megalopae","SKG, CC"
"1574",2019-06-24,"ROS",2.5,5.8,7.5,"megalopae","SKG, CC"
"1575",2019-06-24,"ROS",2.5,6.4,7.6,"megalopae","SKG, CC"
"1576",2019-06-24,"ROS",2.6,6,7.3,"megalopae","SKG, CC"
"1577",2019-06-24,"ROS",2.6,6.1,7.2,"megalopae","SKG, CC"
"1578",2019-06-24,"ROS",2.7,5.7,6.8,"megalopae","SKG, CC"
"1579",2019-06-24,"ROS",2.8,6.7,7.9,"megalopae","SKG, CC"
"1580",2019-06-24,"ROS",2.9,6.7,8.2,"megalopae","SKG, CC"
"1581",2019-07-01,"ROS",2.1,4.6,6.6,"megalopae","SKG, CC"
"1582",2019-07-01,"ROS",2.1,5.2,6.8,"megalopae","SKG, CC"
"1583",2019-07-01,"ROS",2.1,5.3,6.8,"megalopae","SKG, CC"
"1584",2019-07-01,"ROS",2.1,5.4,6.4,"megalopae","SKG, CC"
"1585",2019-07-01,"ROS",2.2,4.9,6.1,"megalopae","SKG, CC"
"1586",2019-07-01,"ROS",2.2,5,6.3,"megalopae","SKG, CC"
"1587",2019-07-01,"ROS",2.2,5,6.4,"megalopae","SKG, CC"
"1588",2019-07-01,"ROS",2.2,5.6,6.7,"megalopae","SKG, CC"
"1589",2019-07-01,"ROS",2.3,5.1,6.4,"megalopae","SKG, CC"
"1590",2019-07-01,"ROS",2.3,5.1,6.6,"megalopae","SKG, CC"
"1591",2019-07-01,"ROS",2.3,5.4,6.5,"megalopae","SKG, CC"
"1592",2019-07-01,"ROS",2.3,5.4,6.6,"megalopae","SKG, CC"
"1593",2019-07-01,"ROS",2.3,5.4,7.1,"megalopae","SKG, CC"
"1594",2019-07-01,"ROS",2.3,5.6,6.6,"megalopae","SKG, CC"
"1595",2019-07-01,"ROS",2.3,5.7,7.2,"megalopae","SKG, CC"
"1596",2019-07-01,"ROS",2.4,5.2,6.9,"megalopae","SKG, CC"
"1597",2019-07-01,"ROS",2.4,5.3,6.7,"megalopae","SKG, CC"
"1598",2019-07-01,"ROS",2.4,5.3,6.8,"megalopae","SKG, CC"
"1599",2019-07-01,"ROS",2.4,5.4,7.1,"megalopae","SKG, CC"
"1600",2019-07-01,"ROS",2.4,5.6,7.2,"megalopae","SKG, CC"
"1601",2019-07-01,"ROS",2.4,5.8,6.8,"megalopae","SKG, CC"
"1602",2019-07-01,"ROS",2.4,6.1,6.8,"megalopae","SKG, CC"
"1603",2019-07-01,"ROS",2.4,6.3,7,"megalopae","SKG, CC"
"1604",2019-07-01,"ROS",2.5,5.2,6.7,"megalopae","SKG, CC"
"1605",2019-07-01,"ROS",2.5,5.4,7.3,"megalopae","SKG, CC"
"1606",2019-07-01,"ROS",2.5,5.6,7.3,"megalopae","SKG, CC"
"1607",2019-07-01,"ROS",2.6,5.6,7.4,"megalopae","SKG, CC"
"1608",2019-07-01,"ROS",2.6,5.7,7.3,"megalopae","SKG, CC"
"1609",2019-07-09,"ROS",2.1,5,6.8,"megalopae","SKG, CC"
"1610",2019-07-09,"ROS",2.1,5.1,6.2,"megalopae","SKG, CC"
"1611",2019-07-09,"ROS",2.1,5.3,6.5,"megalopae","SKG, CC"
"1612",2019-07-09,"ROS",2.1,5.5,6.6,"megalopae","SKG, CC"
"1613",2019-07-09,"ROS",2.2,4.7,6.3,"megalopae","SKG, CC"
"1614",2019-07-09,"ROS",2.2,4.9,6.5,"megalopae","SKG, CC"
"1615",2019-07-09,"ROS",2.2,5.1,6.6,"megalopae","SKG, CC"
"1616",2019-07-09,"ROS",2.2,5.2,6.4,"megalopae","SKG, CC"
"1617",2019-07-09,"ROS",2.3,5.1,6.7,"megalopae","SKG, CC"
"1618",2019-07-09,"ROS",2.3,5.2,6.7,"megalopae","SKG, CC"
"1619",2019-07-09,"ROS",2.3,5.4,6.6,"megalopae","SKG, CC"
"1620",2019-07-09,"ROS",2.3,5.4,6.7,"megalopae","SKG, CC"
"1621",2019-07-09,"ROS",2.4,4.7,6.6,"megalopae","SKG, CC"
"1622",2019-07-09,"ROS",2.4,4.9,6.3,"megalopae","SKG, CC"
"1623",2019-07-09,"ROS",2.4,5.3,6.7,"megalopae","SKG, CC"
"1624",2019-07-09,"ROS",2.4,5.4,6.8,"megalopae","SKG, CC"
"1625",2019-07-09,"ROS",2.5,5.2,6.7,"megalopae","SKG, CC"
"1626",2019-07-09,"ROS",2.5,5.5,6.4,"megalopae","SKG, CC"
"1627",2019-07-09,"ROS",2.5,5.6,7,"megalopae","SKG, CC"
"1628",2019-07-09,"ROS",2.6,5,6.6,"megalopae","SKG, CC"
"1629",2019-07-09,"ROS",2.6,5.3,6.8,"megalopae","SKG, CC"
"1630",2019-07-09,"ROS",2.6,5.4,6.7,"megalopae","SKG, CC"
"1631",2019-07-09,"ROS",2.6,5.9,7.4,"megalopae","SKG, CC"
"1632",2019-07-09,"ROS",2.7,5.1,6.5,"megalopae","SKG, CC"
"1633",2019-07-09,"ROS",2.7,5.1,6.7,"megalopae","SKG, CC"
"1634",2019-07-09,"ROS",2.7,5.4,6.7,"megalopae","SKG, CC"
"1635",2019-07-09,"ROS",2.8,5.8,7,"megalopae","SKG, CC"
"1636",2019-07-09,"ROS",2.9,6,7.2,"megalopae","SKG, CC"
"1637",2019-07-09,"ROS",3,6,7.5,"megalopae","SKG, CC"
"1638",2019-07-09,"ROS",3.2,5.2,6.6,"megalopae","SKG, CC"
"1639",2019-07-15,"ROS",2.1,5.5,6.6,"megalopae","SKG, CC"
"1640",2019-07-15,"ROS",2.2,4.8,6.3,"megalopae","SKG, CC"
"1641",2019-07-15,"ROS",2.2,5.3,7,"megalopae","SKG, CC"
"1642",2019-07-15,"ROS",2.2,5.5,6.7,"megalopae","SKG, CC"
"1643",2019-07-15,"ROS",2.2,5.6,6.4,"megalopae","SKG, CC"
"1644",2019-07-15,"ROS",2.2,5.6,6.6,"megalopae","SKG, CC"
"1645",2019-07-15,"ROS",2.2,5.6,6.9,"megalopae","SKG, CC"
"1646",2019-07-15,"ROS",2.2,5.9,6.8,"megalopae","SKG, CC"
"1647",2019-07-15,"ROS",2.2,6,7.1,"megalopae","SKG, CC"
"1648",2019-07-15,"ROS",2.3,5.4,6.7,"megalopae","SKG, CC"
"1649",2019-07-15,"ROS",2.3,5.5,6.8,"megalopae","SKG, CC"
"1650",2019-07-15,"ROS",2.3,5.8,6.8,"megalopae","SKG, CC"
"1651",2019-07-15,"ROS",2.3,5.9,6.9,"megalopae","SKG, CC"
"1652",2019-07-15,"ROS",2.4,5.1,6.8,"megalopae","SKG, CC"
"1653",2019-07-15,"ROS",2.4,5.2,6.3,"megalopae","SKG, CC"
"1654",2019-07-15,"ROS",2.4,5.4,6.1,"megalopae","SKG, CC"
"1655",2019-07-15,"ROS",2.4,5.5,6.7,"megalopae","SKG, CC"
"1656",2019-07-15,"ROS",2.4,5.5,6.8,"megalopae","SKG, CC"
"1657",2019-07-15,"ROS",2.4,5.5,6.9,"megalopae","SKG, CC"
"1658",2019-07-15,"ROS",2.4,5.6,6.7,"megalopae","SKG, CC"
"1659",2019-07-15,"ROS",2.4,5.9,6.7,"megalopae","SKG, CC"
"1660",2019-07-15,"ROS",2.4,6,7.2,"megalopae","SKG, CC"
"1661",2019-07-15,"ROS",2.4,6.2,7.1,"megalopae","SKG, CC"
"1662",2019-07-15,"ROS",2.5,5.3,6.7,"megalopae","SKG, CC"
"1663",2019-07-15,"ROS",2.5,5.7,6.5,"megalopae","SKG, CC"
"1664",2019-07-15,"ROS",2.6,5.4,7,"megalopae","SKG, CC"
"1665",2019-07-15,"ROS",2.6,5.9,7.2,"megalopae","SKG, CC"
"1666",2019-07-15,"ROS",2.8,5.7,7.6,"megalopae","SKG, CC"
"1667",2019-07-15,"ROS",2.8,6.2,8.1,"megalopae","SKG, CC"
"1668",2019-07-22,"ROS",2.1,4.7,6.6,"megalopae","SKG, CC"
"1669",2019-07-22,"ROS",2.3,5.8,7.2,"megalopae","SKG, CC"
"1670",2019-07-22,"ROS",2.6,5.8,7.5,"megalopae","SKG, CC"
"1671",2019-08-07,"ROS",2.2,5.3,6.3,"megalopae","SKG, CC"
"1672",2019-08-07,"ROS",2.3,5.5,6.9,"megalopae","SKG, CC"
"1673",NA,"ROS",2.3,5.6,6.5,"Megalopae","Sarah Grossman"
"1674",NA,"COR",5.5,5.5,NA,"Instar","Claire Cook"
"1675",2019-05-09,"GAR",4,3,NA,"Megalopae","Blair Paul"
"1676",2019-05-14,"GAR",3.2,NA,NA,"Megalopae","Andy Pavone"
"1677",2019-05-15,"GAR",4,NA,NA,"Megalopae","Blair Paul"
"1678",2019-05-16,"GAR",3.5,NA,NA,"Megalopae","Blair Paul"
"1679",2019-05-16,"GAR",5.2,NA,NA,"Megalopae","Blair Paul"
"1680",2019-06-05,"GAR",5,NA,NA,"Megalopae","Blair Paul"
"1681",2019-06-05,"GAR",5.5,NA,NA,"Instar","Blair Paul"
"1682",2019-06-05,"GAR",6,NA,NA,"Instar","Blair Paul"
"1683",2019-06-10,"GAR",7,NA,NA,"Instar","Blair Paul"
"1684",2019-06-12,"GAR",4.5,NA,NA,"Megalopae","Andy Pavone"
"1685",2019-06-12,"GAR",5.5,NA,NA,"Instar","Andy Pavone"
"1686",2019-06-14,"GAR",4.5,NA,NA,"Megalopae","Blair Paul"
"1687",2019-06-14,"GAR",5.5,NA,NA,"Instar","Blair Paul"
"1688",2019-06-17,"GAR",4.5,NA,NA,"Megalopae","Blair Paul"
"1689",2019-06-17,"GAR",5.5,NA,NA,"Instar","Blair Paul"
"1690",2019-06-19,"GAR",4,NA,NA,"Megalopae","Blair Paul"
"1691",2019-06-19,"GAR",5.5,NA,NA,"Instar","Blair Paul"
"1692",2019-06-21,"GAR",4.5,NA,NA,"Megalopae","Blair Paul"
"1693",2019-06-21,"GAR",6.5,NA,NA,"Instar","Blair Paul"
"1694",2019-06-24,"GAR",4.5,NA,NA,"Megalopae","Blair Paul"
"1695",2019-06-27,"GAR",4.5,NA,NA,"Megalopae","Blair Paul"
"1696",2019-06-27,"GAR",6,NA,NA,"Instar","Blair Paul"
"1697",2019-06-29,"GAR",4,NA,NA,"Megalopae","Blair Paul"
"1698",NA,"ROS",2.3,5.6,6.5,"Megalopae","Sarah Grossman"
"1699",NA,"COR",5.5,5.5,NA,"Instar","Claire Cook"
"1700",2019-05-30,"APS",3,6.9,8.5,NA,"Sylvia Charles"
